Accessibility_links_names_details,URL,Accessibility_images_alt_text_wcag,Page structure lacks proper landmark regions,Accessibility_forms_labels_wcag,Accessibility_forms_buttons_details,Accessibility_keyboard_focus_wcag,Accessibility_aria_general_details,Image elements do not have `[alt]` attributes,High_Severity_Issues,Accessibility_keyboard_focus_details,Rank,Accessibility_navigation_landmarks_priority,Buttons do not have an accessible name,Accessibility_aria_general_priority,Accessibility_headings_hierarchy_priority,Accessibility_navigation_landmarks_wcag,Accessibility_images_alt_text_details,Best Practices,Document language is not specified,Interactive controls are not keyboard focusable,Accessibility_links_names_wcag,Accessibility_color_contrast_visual_design_priority,Accessibility_headings_hierarchy_wcag,SEO,Background and foreground colors do not have a sufficient contrast ratio,Performance,AccessibilityResult,Accessibility_links_names_priority,Accessibility_language_general_wcag,Accessibility_color_contrast_visual_design_details,Accessibility_navigation_landmarks_details,Title,Form elements do not have associated labels,Accessibility_images_alt_text_priority,Links do not have a discernible name,Accessibility Issues,Domain,Accessibility_language_general_details,Accessibility_forms_labels_details,Accessibility_forms_labels_priority,Accessibility_language_general_priority,Accessibility,Accessibility_forms_buttons_priority,Accessibility_keyboard_focus_priority,Accessibility_color_contrast_visual_design_wcag,Total_Issues,Accessibility_forms_buttons_wcag,Accessibility_headings_hierarchy_details,Accessibility_aria_general_wcag
,https://www.swissmedical.net/en,1.1.1 Non-text Content,,,"Buttons do not have an accessible name (Score: 0.13, Severity: High) (Score: N/A, Severity: Unknown)",,"ARIA attributes are not used correctly (Score: 0.78, Severity: Medium) (Score: N/A, Severity: Unknown)","0.89, Severity: Low",1,,1,,"0.13, Severity: High",P4 - To Be Evaluated,P4 - To Be Evaluated,,"Image elements do not have `[alt]` attributes (Score: 0.89, Severity: Low) (Score: N/A, Severity: Unknown)",79.0,,,,,2.4.6 Headings and Labels,85.0,,72.0,Fail,,,,,Swiss Medical Network | Your Swiss Private Hospital Group,,P4 - To Be Evaluated,,"Image elements do not have `[alt]` attributes (Score: 0.89, Severity: Low); ARIA attributes are not used correctly (Score: 0.78, Severity: Medium); Heading elements are not in a sequentially-descending order (Score: 0.72, Severity: Medium); Buttons do not have an accessible name (Score: 0.13, Severity: High)",www.swissmedical.net,,,,,89.0,P4 - To Be Evaluated,,,4,"4.1.2 Name, Role, Value","Heading elements are not in a sequentially-descending order (Score: 0.72, Severity: Medium) (Score: N/A, Severity: Unknown)","4.1.2 Name, Role, Value"
,https://swiss-health-clinic.ch/,,"0.76, Severity: Medium",3.3.2 Labels or Instructions,"Buttons do not have an accessible name (Score: 0.93, Severity: Low) (Score: N/A, Severity: Unknown)",2.1.1 Keyboard,"ARIA attributes are not used correctly (Score: 0.18, Severity: High) (Score: N/A, Severity: Unknown)",,1,"Interactive controls are not keyboard focusable (Score: 0.72, Severity: Medium) (Score: N/A, Severity: Unknown)",2,P4 - To Be Evaluated,"0.93, Severity: Low",P4 - To Be Evaluated,,1.3.1 Info and Relationships,,75.0,,"0.72, Severity: Medium",,,,92.0,,56.0,Fail,,,,"Page structure lacks proper landmark regions (Score: 0.76, Severity: Medium) (Score: N/A, Severity: Unknown)","Swiss Health Clinic, Top-Notch Healthcare Service, in Switzerland","0.87, Severity: Low",,,"ARIA attributes are not used correctly (Score: 0.18, Severity: High); Interactive controls are not keyboard focusable (Score: 0.72, Severity: Medium); Form elements do not have associated labels (Score: 0.87, Severity: Low); Buttons do not have an accessible name (Score: 0.93, Severity: Low); Page structure lacks proper landmark regions (Score: 0.76, Severity: Medium)",swiss-health-clinic.ch,,"Form elements do not have associated labels (Score: 0.87, Severity: Low) (Score: N/A, Severity: Unknown)",P4 - To Be Evaluated,,84.0,P4 - To Be Evaluated,P4 - To Be Evaluated,,5,"4.1.2 Name, Role, Value",,"4.1.2 Name, Role, Value"
"Links do not have a discernible name (Score: 0.66, Severity: Medium) (Score: N/A, Severity: Unknown)",https://www.swissmedical.net/en/hospitals,1.1.1 Non-text Content,"0.72, Severity: Medium",,,,"ARIA attributes are not used correctly (Score: 0.65, Severity: Medium) (Score: N/A, Severity: Unknown)","0.71, Severity: Medium",0,,3,P4 - To Be Evaluated,,P4 - To Be Evaluated,,1.3.1 Info and Relationships,"Image elements do not have `[alt]` attributes (Score: 0.71, Severity: Medium) (Score: N/A, Severity: Unknown)",79.0,"0.79, Severity: Medium",,2.4.4 Link Purpose,,,92.0,,71.0,Fail,P4 - To Be Evaluated,3.1.1 Language of Page,,"Page structure lacks proper landmark regions (Score: 0.72, Severity: Medium) (Score: N/A, Severity: Unknown)",Hospitals | Swiss Medical Network,,P4 - To Be Evaluated,"0.66, Severity: Medium","Image elements do not have `[alt]` attributes (Score: 0.71, Severity: Medium); ARIA attributes are not used correctly (Score: 0.65, Severity: Medium); Document language is not specified (Score: 0.79, Severity: Medium); Links do not have a discernible name (Score: 0.66, Severity: Medium); Page structure lacks proper landmark regions (Score: 0.72, Severity: Medium)",www.swissmedical.net,"Document language is not specified (Score: 0.79, Severity: Medium) (Score: N/A, Severity: Unknown)",,,P4 - To Be Evaluated,87.0,,,,5,,,"4.1.2 Name, Role, Value"
,https://www.eda.admin.ch/aboutswitzerland/en/home/wirtschaft/soziale-aspekte/gesundheitssystem.html,,,,,,"ARIA attributes are not used correctly (Score: 0.87, Severity: Low) (Score: N/A, Severity: Unknown)",,1,,4,,,P4 - To Be Evaluated,P4 - To Be Evaluated,,,96.0,"0.16, Severity: High",,,,2.4.6 Headings and Labels,83.0,,45.0,Pass,,3.1.1 Language of Page,,,Health care system,,,,"ARIA attributes are not used correctly (Score: 0.87, Severity: Low); Document language is not specified (Score: 0.16, Severity: High); Heading elements are not in a sequentially-descending order (Score: 0.85, Severity: Low)",www.eda.admin.ch,"Document language is not specified (Score: 0.16, Severity: High) (Score: N/A, Severity: Unknown)",,,P4 - To Be Evaluated,96.0,,,,3,,"Heading elements are not in a sequentially-descending order (Score: 0.85, Severity: Low) (Score: N/A, Severity: Unknown)","4.1.2 Name, Role, Value"
"Links do not have a discernible name (Score: 0.12, Severity: High) (Score: N/A, Severity: Unknown)",https://kpmg.com/ch/en/industries/healthcare/market-outlook-hospital-clinic.html,,,,,,"ARIA attributes are not used correctly (Score: 0.32, Severity: High) (Score: N/A, Severity: Unknown)",,3,,5,,,P4 - To Be Evaluated,P4 - To Be Evaluated,,,96.0,"0.83, Severity: Low",,2.4.4 Link Purpose,,2.4.6 Headings and Labels,92.0,,56.0,Pass,P4 - To Be Evaluated,3.1.1 Language of Page,,,Financial situation and current challenges of Swiss hospitals and ...,,,"0.12, Severity: High","ARIA attributes are not used correctly (Score: 0.32, Severity: High); Document language is not specified (Score: 0.83, Severity: Low); Links do not have a discernible name (Score: 0.12, Severity: High); Heading elements are not in a sequentially-descending order (Score: 0.27, Severity: High)",kpmg.com,"Document language is not specified (Score: 0.83, Severity: Low) (Score: N/A, Severity: Unknown)",,,P4 - To Be Evaluated,93.0,,,,4,,"Heading elements are not in a sequentially-descending order (Score: 0.27, Severity: High) (Score: N/A, Severity: Unknown)","4.1.2 Name, Role, Value"
"Links do not have a discernible name (Score: 0.14, Severity: High) (Score: N/A, Severity: Unknown)",https://cds.cern.ch/record/1999135/files/CHIS%20-%20Approved%20Health%20Care%20providers.pdf,,,3.3.2 Labels or Instructions,"Buttons do not have an accessible name (Score: 0.11, Severity: High) (Score: N/A, Severity: Unknown)",,,,4,,6,,"0.11, Severity: High",,,,,,"0.35, Severity: High",,2.4.4 Link Purpose,P4 - To Be Evaluated,,,"0.18, Severity: High",,Fail,P4 - To Be Evaluated,3.1.1 Language of Page,"Background and foreground colors do not have a sufficient contrast ratio (Score: 0.18, Severity: High) (Score: N/A, Severity: Unknown)",,2025 health care providers approved by the chis - cern,"0.54, Severity: Medium",,"0.14, Severity: High","Document language is not specified (Score: 0.35, Severity: High); Links do not have a discernible name (Score: 0.14, Severity: High); Form elements do not have associated labels (Score: 0.54, Severity: Medium); Buttons do not have an accessible name (Score: 0.11, Severity: High); Background and foreground colors do not have a sufficient contrast ratio (Score: 0.18, Severity: High)",cds.cern.ch,"Document language is not specified (Score: 0.35, Severity: High) (Score: N/A, Severity: Unknown)","Form elements do not have associated labels (Score: 0.54, Severity: Medium) (Score: N/A, Severity: Unknown)",P4 - To Be Evaluated,P4 - To Be Evaluated,,P4 - To Be Evaluated,,1.4.3 Contrast (Minimum),5,"4.1.2 Name, Role, Value",,
,https://www.cliniquelaprairie.com/,,"0.99, Severity: Low",,"Buttons do not have an accessible name (Score: 0.64, Severity: Medium) (Score: N/A, Severity: Unknown)",,"ARIA attributes are not used correctly (Score: 0.86, Severity: Low) (Score: N/A, Severity: Unknown)",,1,,7,P4 - To Be Evaluated,"0.64, Severity: Medium",P4 - To Be Evaluated,,1.3.1 Info and Relationships,,96.0,"0.75, Severity: Medium",,,P4 - To Be Evaluated,,83.0,"0.42, Severity: High",64.0,Fail,,3.1.1 Language of Page,"Background and foreground colors do not have a sufficient contrast ratio (Score: 0.42, Severity: High) (Score: N/A, Severity: Unknown)","Page structure lacks proper landmark regions (Score: 0.99, Severity: Low) (Score: N/A, Severity: Unknown)",Clinique La Prairie: Award-Winning Longevity Destination,,,,"ARIA attributes are not used correctly (Score: 0.86, Severity: Low); Document language is not specified (Score: 0.75, Severity: Medium); Buttons do not have an accessible name (Score: 0.64, Severity: Medium); Background and foreground colors do not have a sufficient contrast ratio (Score: 0.42, Severity: High); Page structure lacks proper landmark regions (Score: 0.99, Severity: Low)",www.cliniquelaprairie.com,"Document language is not specified (Score: 0.75, Severity: Medium) (Score: N/A, Severity: Unknown)",,,P4 - To Be Evaluated,84.0,P4 - To Be Evaluated,,1.4.3 Contrast (Minimum),5,"4.1.2 Name, Role, Value",,"4.1.2 Name, Role, Value"
,https://www.swisstph.ch/en/,,,,,2.1.1 Keyboard,,,0,"Interactive controls are not keyboard focusable (Score: 0.91, Severity: Low) (Score: N/A, Severity: Unknown)",8,,,,,,,89.0,,"0.91, Severity: Low",,P4 - To Be Evaluated,,92.0,"0.99, Severity: Low",57.0,Fail,,,"Background and foreground colors do not have a sufficient contrast ratio (Score: 0.99, Severity: Low) (Score: N/A, Severity: Unknown)",,Swiss TPH | Committed to making the world a healthier place,,,,"Interactive controls are not keyboard focusable (Score: 0.91, Severity: Low); Background and foreground colors do not have a sufficient contrast ratio (Score: 0.99, Severity: Low)",www.swisstph.ch,,,,,87.0,,P4 - To Be Evaluated,1.4.3 Contrast (Minimum),2,,,
,https://www.hamilton-medical.com/en_US/,,,3.3.2 Labels or Instructions,,,,,1,,9,,,,,,,75.0,,,,,,92.0,,78.0,Pass,,,,,Hamilton Medical - Intelligent Ventilation since 1983,"0.28, Severity: High",,,"Form elements do not have associated labels (Score: 0.28, Severity: High)",www.hamilton-medical.com,,"Form elements do not have associated labels (Score: 0.28, Severity: High) (Score: N/A, Severity: Unknown)",P4 - To Be Evaluated,,95.0,,,,1,,,
,https://www.balgrist.ch/en/,,,,,,,,0,,10,,,,P4 - To Be Evaluated,,,79.0,,,,,2.4.6 Headings and Labels,92.0,,63.0,Pass,,,,,Balgrist University Hospital,,,,"Heading elements are not in a sequentially-descending order (Score: 0.6, Severity: Medium)",www.balgrist.ch,,,,,93.0,,,,1,,"Heading elements are not in a sequentially-descending order (Score: 0.6, Severity: Medium) (Score: N/A, Severity: Unknown)",
,https://smw.ch/,,,,,,"ARIA attributes are not used correctly (Score: 0.46, Severity: High) (Score: N/A, Severity: Unknown)",,1,,11,,,P4 - To Be Evaluated,,,,100.0,,,,,,83.0,,72.0,Pass,,,,,Swiss Medical Weekly,,,,"ARIA attributes are not used correctly (Score: 0.46, Severity: High)",smw.ch,,,,,92.0,,,,1,,,"4.1.2 Name, Role, Value"
,https://www.balgrist.ch/en/patients/for-patients/international-patients/,,"0.34, Severity: High",,"Buttons do not have an accessible name (Score: 0.98, Severity: Low) (Score: N/A, Severity: Unknown)",,,,1,,12,P4 - To Be Evaluated,"0.98, Severity: Low",,,1.3.1 Info and Relationships,,79.0,,,,,,100.0,,64.0,Pass,,,,"Page structure lacks proper landmark regions (Score: 0.34, Severity: High) (Score: N/A, Severity: Unknown)",Balgrist University Hospital: International patients,,,,"Buttons do not have an accessible name (Score: 0.98, Severity: Low); Page structure lacks proper landmark regions (Score: 0.34, Severity: High)",www.balgrist.ch,,,,,92.0,P4 - To Be Evaluated,,,2,"4.1.2 Name, Role, Value",,
,https://smw.ch/index.php/smw/article/download/3734/5906/21279,1.1.1 Non-text Content,,3.3.2 Labels or Instructions,,,,"0.86, Severity: Low",0,,13,,,,,,"Image elements do not have `[alt]` attributes (Score: 0.86, Severity: Low) (Score: N/A, Severity: Unknown)",,,,,,,,,,Fail,,,,,SARS-CoV-2 immunity and reasons for non-vaccination among ...,"0.89, Severity: Low",P4 - To Be Evaluated,,"Image elements do not have `[alt]` attributes (Score: 0.86, Severity: Low); Form elements do not have associated labels (Score: 0.89, Severity: Low)",smw.ch,,"Form elements do not have associated labels (Score: 0.89, Severity: Low) (Score: N/A, Severity: Unknown)",P4 - To Be Evaluated,,,,,,2,,,
,https://www.schulthess-klinik.ch/en,,"0.42, Severity: High",3.3.2 Labels or Instructions,"Buttons do not have an accessible name (Score: 0.79, Severity: Medium) (Score: N/A, Severity: Unknown)",2.1.1 Keyboard,,,2,"Interactive controls are not keyboard focusable (Score: 0.43, Severity: High) (Score: N/A, Severity: Unknown)",14,P4 - To Be Evaluated,"0.79, Severity: Medium",,,1.3.1 Info and Relationships,,96.0,,"0.43, Severity: High",,P4 - To Be Evaluated,,92.0,"0.78, Severity: Medium",72.0,Pass,,,"Background and foreground colors do not have a sufficient contrast ratio (Score: 0.78, Severity: Medium) (Score: N/A, Severity: Unknown)","Page structure lacks proper landmark regions (Score: 0.42, Severity: High) (Score: N/A, Severity: Unknown)",Schulthess Klinik | Orthopaedic Treatment Zurich,"0.98, Severity: Low",,,"Interactive controls are not keyboard focusable (Score: 0.43, Severity: High); Form elements do not have associated labels (Score: 0.98, Severity: Low); Buttons do not have an accessible name (Score: 0.79, Severity: Medium); Background and foreground colors do not have a sufficient contrast ratio (Score: 0.78, Severity: Medium); Page structure lacks proper landmark regions (Score: 0.42, Severity: High)",www.schulthess-klinik.ch,,"Form elements do not have associated labels (Score: 0.98, Severity: Low) (Score: N/A, Severity: Unknown)",P4 - To Be Evaluated,,91.0,P4 - To Be Evaluated,P4 - To Be Evaluated,1.4.3 Contrast (Minimum),5,"4.1.2 Name, Role, Value",,
,https://www.expatica.com/ch/healthcare/healthcare-basics/healthcare-in-switzerland-103130/,,,,,,"ARIA attributes are not used correctly (Score: 0.69, Severity: Medium) (Score: N/A, Severity: Unknown)",,0,,15,,,P4 - To Be Evaluated,,,,75.0,"0.85, Severity: Low",,,,,85.0,,73.0,Fail,,3.1.1 Language of Page,,,The healthcare system in Switzerland | Expatica,,,,"ARIA attributes are not used correctly (Score: 0.69, Severity: Medium); Document language is not specified (Score: 0.85, Severity: Low)",www.expatica.com,"Document language is not specified (Score: 0.85, Severity: Low) (Score: N/A, Severity: Unknown)",,,P4 - To Be Evaluated,89.0,,,,2,,,"4.1.2 Name, Role, Value"
"Links do not have a discernible name (Score: 0.75, Severity: Medium) (Score: N/A, Severity: Unknown)",https://ch.usembassy.gov/u-s-citizen-services/local-resources-of-u-s-citizens/doctors/,,"0.17, Severity: High",,"Buttons do not have an accessible name (Score: 0.64, Severity: Medium) (Score: N/A, Severity: Unknown)",,,,1,,16,P4 - To Be Evaluated,"0.64, Severity: Medium",,,1.3.1 Info and Relationships,,100.0,,,2.4.4 Link Purpose,P4 - To Be Evaluated,,77.0,"0.7, Severity: Medium",66.0,Fail,P4 - To Be Evaluated,,"Background and foreground colors do not have a sufficient contrast ratio (Score: 0.7, Severity: Medium) (Score: N/A, Severity: Unknown)","Page structure lacks proper landmark regions (Score: 0.17, Severity: High) (Score: N/A, Severity: Unknown)",Medical Assistance - U.S. Embassy in Switzerland and Liechtenstein,,,"0.75, Severity: Medium","Links do not have a discernible name (Score: 0.75, Severity: Medium); Buttons do not have an accessible name (Score: 0.64, Severity: Medium); Background and foreground colors do not have a sufficient contrast ratio (Score: 0.7, Severity: Medium); Page structure lacks proper landmark regions (Score: 0.17, Severity: High)",ch.usembassy.gov,,,,,87.0,P4 - To Be Evaluated,,1.4.3 Contrast (Minimum),4,"4.1.2 Name, Role, Value",,
,https://www.swissinfo.ch/eng/private-clinics_why-the-elite-come-to-switzerland-for-healthcare/42566376,1.1.1 Non-text Content,,,,2.1.1 Keyboard,,"0.52, Severity: Medium",0,"Interactive controls are not keyboard focusable (Score: 0.75, Severity: Medium) (Score: N/A, Severity: Unknown)",17,,,,,,"Image elements do not have `[alt]` attributes (Score: 0.52, Severity: Medium) (Score: N/A, Severity: Unknown)",5699999999999990.0,"0.99, Severity: Low","0.75, Severity: Medium",,,,92.0,,37.0,Pass,,3.1.1 Language of Page,,,Why the elite come to Switzerland for healthcare - SWI swissinfo.ch,,P4 - To Be Evaluated,,"Image elements do not have `[alt]` attributes (Score: 0.52, Severity: Medium); Document language is not specified (Score: 0.99, Severity: Low); Interactive controls are not keyboard focusable (Score: 0.75, Severity: Medium)",www.swissinfo.ch,"Document language is not specified (Score: 0.99, Severity: Low) (Score: N/A, Severity: Unknown)",,,P4 - To Be Evaluated,100.0,,P4 - To Be Evaluated,,3,,,
,https://www.bag.admin.ch/bag/en/home.html,,,,,2.1.1 Keyboard,,,0,"Interactive controls are not keyboard focusable (Score: 0.52, Severity: Medium) (Score: N/A, Severity: Unknown)",18,,,,,,,100.0,,"0.52, Severity: Medium",,,,82.0,,60.0,Fail,,,,,Federal Office of Public Health FOPH,,,,"Interactive controls are not keyboard focusable (Score: 0.52, Severity: Medium)",www.bag.admin.ch,,,,,86.0,,P4 - To Be Evaluated,,1,,,
,https://www.srmc.ch/en/,1.1.1 Non-text Content,,3.3.2 Labels or Instructions,,,,"0.71, Severity: Medium",0,,19,,,,,,"Image elements do not have `[alt]` attributes (Score: 0.71, Severity: Medium) (Score: N/A, Severity: Unknown)",100.0,,,,,,92.0,,76.0,Fail,,,,,Swiss Riviera Medical Center |,"0.81, Severity: Low",P4 - To Be Evaluated,,"Image elements do not have `[alt]` attributes (Score: 0.71, Severity: Medium); Form elements do not have associated labels (Score: 0.81, Severity: Low)",www.srmc.ch,,"Form elements do not have associated labels (Score: 0.81, Severity: Low) (Score: N/A, Severity: Unknown)",P4 - To Be Evaluated,,81.0,,,,2,,,
"Links do not have a discernible name (Score: 0.41, Severity: High) (Score: N/A, Severity: Unknown)",https://www.medizin-badragaz.ch/en/,,,3.3.2 Labels or Instructions,"Buttons do not have an accessible name (Score: 0.52, Severity: Medium) (Score: N/A, Severity: Unknown)",,,,1,,20,,"0.52, Severity: Medium",,P4 - To Be Evaluated,,,96.0,,,2.4.4 Link Purpose,,2.4.6 Headings and Labels,92.0,,57.0,Fail,P4 - To Be Evaluated,,,,Medical Center Bad Ragaz,"0.52, Severity: Medium",,"0.41, Severity: High","Links do not have a discernible name (Score: 0.41, Severity: High); Form elements do not have associated labels (Score: 0.52, Severity: Medium); Heading elements are not in a sequentially-descending order (Score: 0.52, Severity: Medium); Buttons do not have an accessible name (Score: 0.52, Severity: Medium)",www.medizin-badragaz.ch,,"Form elements do not have associated labels (Score: 0.52, Severity: Medium) (Score: N/A, Severity: Unknown)",P4 - To Be Evaluated,,87.0,P4 - To Be Evaluated,,,4,"4.1.2 Name, Role, Value","Heading elements are not in a sequentially-descending order (Score: 0.52, Severity: Medium) (Score: N/A, Severity: Unknown)",
,https://www.usz.ch/en/,,,3.3.2 Labels or Instructions,,2.1.1 Keyboard,,,1,"Interactive controls are not keyboard focusable (Score: 0.64, Severity: Medium) (Score: N/A, Severity: Unknown)",22,,,,,,,100.0,,"0.64, Severity: Medium",,P4 - To Be Evaluated,,92.0,"0.47, Severity: High",57.0,Fail,,,"Background and foreground colors do not have a sufficient contrast ratio (Score: 0.47, Severity: High) (Score: N/A, Severity: Unknown)",,USZ â€“ UniversitÃ¤tsspital ZÃ¼rich - University Hospital Zurich,"0.51, Severity: Medium",,,"Interactive controls are not keyboard focusable (Score: 0.64, Severity: Medium); Form elements do not have associated labels (Score: 0.51, Severity: Medium); Background and foreground colors do not have a sufficient contrast ratio (Score: 0.47, Severity: High)",www.usz.ch,,"Form elements do not have associated labels (Score: 0.51, Severity: Medium) (Score: N/A, Severity: Unknown)",P4 - To Be Evaluated,,89.0,,P4 - To Be Evaluated,1.4.3 Contrast (Minimum),3,,,
,https://www.herzogdemeuron.com/projects/165-rehab-clinic-for-neurorehabilitation-and-paraplegiology/,,,,"Buttons do not have an accessible name (Score: 0.18, Severity: High) (Score: N/A, Severity: Unknown)",2.1.1 Keyboard,,,3,"Interactive controls are not keyboard focusable (Score: 0.62, Severity: Medium) (Score: N/A, Severity: Unknown)",23,,"0.18, Severity: High",,P4 - To Be Evaluated,,,100.0,"0.47, Severity: High","0.62, Severity: Medium",,,2.4.6 Headings and Labels,100.0,,89.0,Fail,,3.1.1 Language of Page,,,"165 REHAB, Clinic for Neurorehabilitation and Paraplegiology ...",,,,"Document language is not specified (Score: 0.47, Severity: High); Interactive controls are not keyboard focusable (Score: 0.62, Severity: Medium); Heading elements are not in a sequentially-descending order (Score: 0.41, Severity: High); Buttons do not have an accessible name (Score: 0.18, Severity: High)",www.herzogdemeuron.com,"Document language is not specified (Score: 0.47, Severity: High) (Score: N/A, Severity: Unknown)",,,P4 - To Be Evaluated,85.0,P4 - To Be Evaluated,P4 - To Be Evaluated,,4,"4.1.2 Name, Role, Value","Heading elements are not in a sequentially-descending order (Score: 0.41, Severity: High) (Score: N/A, Severity: Unknown)",
,https://newwin.ch/en/target-audience/hospitals-clinics/,,,,"Buttons do not have an accessible name (Score: 0.21, Severity: High) (Score: N/A, Severity: Unknown)",,"ARIA attributes are not used correctly (Score: 0.53, Severity: Medium) (Score: N/A, Severity: Unknown)",,2,,24,,"0.21, Severity: High",P4 - To Be Evaluated,,,,79.0,"0.33, Severity: High",,,P4 - To Be Evaluated,,77.0,"0.86, Severity: Low",72.0,Fail,,3.1.1 Language of Page,"Background and foreground colors do not have a sufficient contrast ratio (Score: 0.86, Severity: Low) (Score: N/A, Severity: Unknown)",,Hospitals & Clinics | new-win SW Solutions AG,,,,"ARIA attributes are not used correctly (Score: 0.53, Severity: Medium); Document language is not specified (Score: 0.33, Severity: High); Buttons do not have an accessible name (Score: 0.21, Severity: High); Background and foreground colors do not have a sufficient contrast ratio (Score: 0.86, Severity: Low)",newwin.ch,"Document language is not specified (Score: 0.33, Severity: High) (Score: N/A, Severity: Unknown)",,,P4 - To Be Evaluated,86.0,P4 - To Be Evaluated,,1.4.3 Contrast (Minimum),4,"4.1.2 Name, Role, Value",,"4.1.2 Name, Role, Value"
,https://cioms.ch/wp-content/uploads/2017/01/WEB-CIOMS-EthicalGuidelines.pdf,1.1.1 Non-text Content,"0.95, Severity: Low",3.3.2 Labels or Instructions,,,"ARIA attributes are not used correctly (Score: 0.73, Severity: Medium) (Score: N/A, Severity: Unknown)","0.52, Severity: Medium",2,,25,P4 - To Be Evaluated,,P4 - To Be Evaluated,,1.3.1 Info and Relationships,"Image elements do not have `[alt]` attributes (Score: 0.52, Severity: Medium) (Score: N/A, Severity: Unknown)",,,,,P4 - To Be Evaluated,,,"0.2, Severity: High",,Fail,,,"Background and foreground colors do not have a sufficient contrast ratio (Score: 0.2, Severity: High) (Score: N/A, Severity: Unknown)","Page structure lacks proper landmark regions (Score: 0.95, Severity: Low) (Score: N/A, Severity: Unknown)",International Ethical Guidelines for Health-related Research ...,"0.17, Severity: High",P4 - To Be Evaluated,,"Image elements do not have `[alt]` attributes (Score: 0.52, Severity: Medium); ARIA attributes are not used correctly (Score: 0.73, Severity: Medium); Form elements do not have associated labels (Score: 0.17, Severity: High); Background and foreground colors do not have a sufficient contrast ratio (Score: 0.2, Severity: High); Page structure lacks proper landmark regions (Score: 0.95, Severity: Low)",cioms.ch,,"Form elements do not have associated labels (Score: 0.17, Severity: High) (Score: N/A, Severity: Unknown)",P4 - To Be Evaluated,,,,,1.4.3 Contrast (Minimum),5,,,"4.1.2 Name, Role, Value"
,https://wysscenter.ch/,,,,,2.1.1 Keyboard,"ARIA attributes are not used correctly (Score: 0.51, Severity: Medium) (Score: N/A, Severity: Unknown)",,1,"Interactive controls are not keyboard focusable (Score: 0.61, Severity: Medium) (Score: N/A, Severity: Unknown)",26,,,P4 - To Be Evaluated,,,,100.0,,"0.61, Severity: Medium",,P4 - To Be Evaluated,,77.0,"0.34, Severity: High",62.0,Fail,,,"Background and foreground colors do not have a sufficient contrast ratio (Score: 0.34, Severity: High) (Score: N/A, Severity: Unknown)",,Wyss Center: Home,,,,"ARIA attributes are not used correctly (Score: 0.51, Severity: Medium); Interactive controls are not keyboard focusable (Score: 0.61, Severity: Medium); Background and foreground colors do not have a sufficient contrast ratio (Score: 0.34, Severity: High)",wysscenter.ch,,,,,88.0,,P4 - To Be Evaluated,1.4.3 Contrast (Minimum),3,,,"4.1.2 Name, Role, Value"
,https://www.whpa.org/open-letter-safeguarding-healthcare-in-conflict,1.1.1 Non-text Content,,,,,,"0.54, Severity: Medium",0,,27,,,,,,"Image elements do not have `[alt]` attributes (Score: 0.54, Severity: Medium) (Score: N/A, Severity: Unknown)",96.0,,,,,,100.0,,58.0,Pass,,,,,Open letter calling for the safeguarding of healthcare facilities and ...,,P4 - To Be Evaluated,,"Image elements do not have `[alt]` attributes (Score: 0.54, Severity: Medium)",www.whpa.org,,,,,97.0,,,,1,,,
,https://www.swissmedic.ch/swissmedic/en/home.html,,,3.3.2 Labels or Instructions,,,,,1,,28,,,,,,,75.0,,,,P4 - To Be Evaluated,,73.0,"0.47, Severity: High",60.0,Fail,,,"Background and foreground colors do not have a sufficient contrast ratio (Score: 0.47, Severity: High) (Score: N/A, Severity: Unknown)",,Swissmedic,"0.92, Severity: Low",,,"Form elements do not have associated labels (Score: 0.92, Severity: Low); Background and foreground colors do not have a sufficient contrast ratio (Score: 0.47, Severity: High)",www.swissmedic.ch,,"Form elements do not have associated labels (Score: 0.92, Severity: Low) (Score: N/A, Severity: Unknown)",P4 - To Be Evaluated,,75.0,,,1.4.3 Contrast (Minimum),2,,,
,https://dbe.unibas.ch/en/research/regenerative-surgery/swiss-mam-medical-additive-manufacturing-research-group/,,"0.33, Severity: High",,,,,,1,,29,P4 - To Be Evaluated,,,,1.3.1 Info and Relationships,,75.0,"0.53, Severity: Medium",,,,,100.0,,75.0,Pass,,3.1.1 Language of Page,,"Page structure lacks proper landmark regions (Score: 0.33, Severity: High) (Score: N/A, Severity: Unknown)",Swiss MAM | Department of Biomedical Engineering | University of ...,,,,"Document language is not specified (Score: 0.53, Severity: Medium); Page structure lacks proper landmark regions (Score: 0.33, Severity: High)",dbe.unibas.ch,"Document language is not specified (Score: 0.53, Severity: Medium) (Score: N/A, Severity: Unknown)",,,P4 - To Be Evaluated,96.0,,,,2,,,
,https://www.coverio.ch/ch/coverio/en/home/good-to-know/good-to-know/health-system-switzerland.html,1.1.1 Non-text Content,"0.4, Severity: High",,"Buttons do not have an accessible name (Score: 0.66, Severity: Medium) (Score: N/A, Severity: Unknown)",2.1.1 Keyboard,,"0.81, Severity: Low",2,"Interactive controls are not keyboard focusable (Score: 0.41, Severity: High) (Score: N/A, Severity: Unknown)",30,P4 - To Be Evaluated,"0.66, Severity: Medium",,P4 - To Be Evaluated,1.3.1 Info and Relationships,"Image elements do not have `[alt]` attributes (Score: 0.81, Severity: Low) (Score: N/A, Severity: Unknown)",100.0,,"0.41, Severity: High",,,2.4.6 Headings and Labels,100.0,,70.0,Pass,,,,"Page structure lacks proper landmark regions (Score: 0.4, Severity: High) (Score: N/A, Severity: Unknown)",Healthcare in Switzerland: important information | coverio.ch,,P4 - To Be Evaluated,,"Image elements do not have `[alt]` attributes (Score: 0.81, Severity: Low); Interactive controls are not keyboard focusable (Score: 0.41, Severity: High); Heading elements are not in a sequentially-descending order (Score: 0.85, Severity: Low); Buttons do not have an accessible name (Score: 0.66, Severity: Medium); Page structure lacks proper landmark regions (Score: 0.4, Severity: High)",www.coverio.ch,,,,,93.0,P4 - To Be Evaluated,P4 - To Be Evaluated,,5,"4.1.2 Name, Role, Value","Heading elements are not in a sequentially-descending order (Score: 0.85, Severity: Low) (Score: N/A, Severity: Unknown)",
,https://mercyships.ch/en/what-we-do/development-aid/,,,3.3.2 Labels or Instructions,,,"ARIA attributes are not used correctly (Score: 0.76, Severity: Medium) (Score: N/A, Severity: Unknown)",,1,,31,,,P4 - To Be Evaluated,P4 - To Be Evaluated,,,79.0,"0.66, Severity: Medium",,,,2.4.6 Headings and Labels,100.0,,61.0,Pass,,3.1.1 Language of Page,,,Local Medical Capacity Building (MCB) - NGO Mercy Ships ...,"0.94, Severity: Low",,,"ARIA attributes are not used correctly (Score: 0.76, Severity: Medium); Document language is not specified (Score: 0.66, Severity: Medium); Form elements do not have associated labels (Score: 0.94, Severity: Low); Heading elements are not in a sequentially-descending order (Score: 0.44, Severity: High)",mercyships.ch,"Document language is not specified (Score: 0.66, Severity: Medium) (Score: N/A, Severity: Unknown)","Form elements do not have associated labels (Score: 0.94, Severity: Low) (Score: N/A, Severity: Unknown)",P4 - To Be Evaluated,P4 - To Be Evaluated,95.0,,,,4,,"Heading elements are not in a sequentially-descending order (Score: 0.44, Severity: High) (Score: N/A, Severity: Unknown)","4.1.2 Name, Role, Value"
"Links do not have a discernible name (Score: 0.86, Severity: Low) (Score: N/A, Severity: Unknown)",https://www.lausanneuniversityhospital.com/home,,,,,,"ARIA attributes are not used correctly (Score: 0.94, Severity: Low) (Score: N/A, Severity: Unknown)",,0,,32,,,P4 - To Be Evaluated,,,,,,,2.4.4 Link Purpose,P4 - To Be Evaluated,,,"0.92, Severity: Low",,Fail,P4 - To Be Evaluated,,"Background and foreground colors do not have a sufficient contrast ratio (Score: 0.92, Severity: Low) (Score: N/A, Severity: Unknown)",,Lausanne University Hospital: Home,,,"0.86, Severity: Low","ARIA attributes are not used correctly (Score: 0.94, Severity: Low); Links do not have a discernible name (Score: 0.86, Severity: Low); Background and foreground colors do not have a sufficient contrast ratio (Score: 0.92, Severity: Low)",www.lausanneuniversityhospital.com,,,,,,,,1.4.3 Contrast (Minimum),3,,,"4.1.2 Name, Role, Value"
,https://www.bmg-swiss.ch/en/,1.1.1 Non-text Content,,,,2.1.1 Keyboard,"ARIA attributes are not used correctly (Score: 0.1, Severity: High) (Score: N/A, Severity: Unknown)","0.91, Severity: Low",1,"Interactive controls are not keyboard focusable (Score: 0.85, Severity: Low) (Score: N/A, Severity: Unknown)",33,,,P4 - To Be Evaluated,P4 - To Be Evaluated,,"Image elements do not have `[alt]` attributes (Score: 0.91, Severity: Low) (Score: N/A, Severity: Unknown)",96.0,,"0.85, Severity: Low",,,2.4.6 Headings and Labels,92.0,,65.0,Pass,,,,,"Neurocenter Bellevue Medical Group, neurology Switzerland",,P4 - To Be Evaluated,,"Image elements do not have `[alt]` attributes (Score: 0.91, Severity: Low); ARIA attributes are not used correctly (Score: 0.1, Severity: High); Interactive controls are not keyboard focusable (Score: 0.85, Severity: Low); Heading elements are not in a sequentially-descending order (Score: 0.83, Severity: Low)",www.bmg-swiss.ch,,,,,94.0,,P4 - To Be Evaluated,,4,,"Heading elements are not in a sequentially-descending order (Score: 0.83, Severity: Low) (Score: N/A, Severity: Unknown)","4.1.2 Name, Role, Value"
,https://swissimc.com/,,,3.3.2 Labels or Instructions,"Buttons do not have an accessible name (Score: 0.96, Severity: Low) (Score: N/A, Severity: Unknown)",,"ARIA attributes are not used correctly (Score: 0.83, Severity: Low) (Score: N/A, Severity: Unknown)",,2,,34,,"0.96, Severity: Low",P4 - To Be Evaluated,,,,96.0,"0.27, Severity: High",,,P4 - To Be Evaluated,,100.0,"0.69, Severity: Medium",63.0,Pass,,3.1.1 Language of Page,"Background and foreground colors do not have a sufficient contrast ratio (Score: 0.69, Severity: Medium) (Score: N/A, Severity: Unknown)",,Home - Swiss International Medical Center (SIMC),"0.19, Severity: High",,,"ARIA attributes are not used correctly (Score: 0.83, Severity: Low); Document language is not specified (Score: 0.27, Severity: High); Form elements do not have associated labels (Score: 0.19, Severity: High); Buttons do not have an accessible name (Score: 0.96, Severity: Low); Background and foreground colors do not have a sufficient contrast ratio (Score: 0.69, Severity: Medium)",swissimc.com,"Document language is not specified (Score: 0.27, Severity: High) (Score: N/A, Severity: Unknown)","Form elements do not have associated labels (Score: 0.19, Severity: High) (Score: N/A, Severity: Unknown)",P4 - To Be Evaluated,P4 - To Be Evaluated,91.0,P4 - To Be Evaluated,,1.4.3 Contrast (Minimum),5,"4.1.2 Name, Role, Value",,"4.1.2 Name, Role, Value"
,https://swissinternationalhealth.ch/en/,,,,,,,,1,,35,,,,,,,100.0,,,,P4 - To Be Evaluated,,77.0,"0.14, Severity: High",76.0,Fail,,,"Background and foreground colors do not have a sufficient contrast ratio (Score: 0.14, Severity: High) (Score: N/A, Severity: Unknown)",,Your new medical and surgical ... - Swiss International Health Center,,,,"Background and foreground colors do not have a sufficient contrast ratio (Score: 0.14, Severity: High)",swissinternationalhealth.ch,,,,,76.0,,,1.4.3 Contrast (Minimum),1,,,
,https://www.hug.ch/en/medias/press-release/call-abstracts-now-open-48th-world-hospital-congress-geneva-2025,,,3.3.2 Labels or Instructions,,2.1.1 Keyboard,,,1,"Interactive controls are not keyboard focusable (Score: 0.89, Severity: Low) (Score: N/A, Severity: Unknown)",36,,,,,,,100.0,,"0.89, Severity: Low",,,,85.0,,57.0,Fail,,,,,Call for abstracts now open for the 48th World Hospital Congress ...,"0.48, Severity: High",,,"Interactive controls are not keyboard focusable (Score: 0.89, Severity: Low); Form elements do not have associated labels (Score: 0.48, Severity: High)",www.hug.ch,,"Form elements do not have associated labels (Score: 0.48, Severity: High) (Score: N/A, Severity: Unknown)",P4 - To Be Evaluated,,79.0,,P4 - To Be Evaluated,,2,,,
,https://news.microsoft.com/de-ch/2024/04/22/lucerne-cantonal-hospital-luks-revolutionizes-staff-scheduling-with-ai/,,,,,,,,0,,37,,,,P4 - To Be Evaluated,,,,,,,,2.4.6 Headings and Labels,,,,Fail,,,,,Lucerne Cantonal Hospital (LUKS) Revolutionizes Staff Scheduling ...,,,,"Heading elements are not in a sequentially-descending order (Score: 0.68, Severity: Medium)",news.microsoft.com,,,,,,,,,1,,"Heading elements are not in a sequentially-descending order (Score: 0.68, Severity: Medium) (Score: N/A, Severity: Unknown)",
"Links do not have a discernible name (Score: 0.92, Severity: Low) (Score: N/A, Severity: Unknown)",https://www.roche.ch/en/sites/pharma/for-patients-and-people-affected/cooperation-with-healthcare-professionals,,"0.67, Severity: Medium",,,,,,1,,38,P4 - To Be Evaluated,,,,1.3.1 Info and Relationships,,79.0,,,2.4.4 Link Purpose,P4 - To Be Evaluated,,92.0,"0.26, Severity: High",40.0,Pass,P4 - To Be Evaluated,,"Background and foreground colors do not have a sufficient contrast ratio (Score: 0.26, Severity: High) (Score: N/A, Severity: Unknown)","Page structure lacks proper landmark regions (Score: 0.67, Severity: Medium) (Score: N/A, Severity: Unknown)",Cooperation with healthcare professionals - Roche,,,"0.92, Severity: Low","Links do not have a discernible name (Score: 0.92, Severity: Low); Background and foreground colors do not have a sufficient contrast ratio (Score: 0.26, Severity: High); Page structure lacks proper landmark regions (Score: 0.67, Severity: Medium)",www.roche.ch,,,,,95.0,,,1.4.3 Contrast (Minimum),3,,,
,https://www.samw.ch/dam/jcr:676898f8-4854-4645-982e-2f84a4148ba6/samw_medizintourismus_studie_satalkar_elger_2018.pdf,1.1.1 Non-text Content,"0.2, Severity: High",,"Buttons do not have an accessible name (Score: 0.56, Severity: Medium) (Score: N/A, Severity: Unknown)",,"ARIA attributes are not used correctly (Score: 0.43, Severity: High) (Score: N/A, Severity: Unknown)","0.64, Severity: Medium",2,,39,P4 - To Be Evaluated,"0.56, Severity: Medium",P4 - To Be Evaluated,P4 - To Be Evaluated,1.3.1 Info and Relationships,"Image elements do not have `[alt]` attributes (Score: 0.64, Severity: Medium) (Score: N/A, Severity: Unknown)",,,,,,2.4.6 Headings and Labels,,,,Fail,,,,"Page structure lacks proper landmark regions (Score: 0.2, Severity: High) (Score: N/A, Severity: Unknown)",Medical tourism in Switzerland: Interdisciplinary exploratory ...,,P4 - To Be Evaluated,,"Image elements do not have `[alt]` attributes (Score: 0.64, Severity: Medium); ARIA attributes are not used correctly (Score: 0.43, Severity: High); Heading elements are not in a sequentially-descending order (Score: 0.55, Severity: Medium); Buttons do not have an accessible name (Score: 0.56, Severity: Medium); Page structure lacks proper landmark regions (Score: 0.2, Severity: High)",www.samw.ch,,,,,,P4 - To Be Evaluated,,,5,"4.1.2 Name, Role, Value","Heading elements are not in a sequentially-descending order (Score: 0.55, Severity: Medium) (Score: N/A, Severity: Unknown)","4.1.2 Name, Role, Value"
,https://www.clinic-badragaz.ch/en/,1.1.1 Non-text Content,"0.31, Severity: High",3.3.2 Labels or Instructions,,2.1.1 Keyboard,,"0.19, Severity: High",2,"Interactive controls are not keyboard focusable (Score: 0.64, Severity: Medium) (Score: N/A, Severity: Unknown)",40,P4 - To Be Evaluated,,,,1.3.1 Info and Relationships,"Image elements do not have `[alt]` attributes (Score: 0.19, Severity: High) (Score: N/A, Severity: Unknown)",96.0,,"0.64, Severity: Medium",,,,92.0,,59.0,Fail,,,,"Page structure lacks proper landmark regions (Score: 0.31, Severity: High) (Score: N/A, Severity: Unknown)",Rehabilitation Clinic | Clinic Bad Ragaz,"0.77, Severity: Medium",P4 - To Be Evaluated,,"Image elements do not have `[alt]` attributes (Score: 0.19, Severity: High); Interactive controls are not keyboard focusable (Score: 0.64, Severity: Medium); Form elements do not have associated labels (Score: 0.77, Severity: Medium); Page structure lacks proper landmark regions (Score: 0.31, Severity: High)",www.clinic-badragaz.ch,,"Form elements do not have associated labels (Score: 0.77, Severity: Medium) (Score: N/A, Severity: Unknown)",P4 - To Be Evaluated,,75.0,,P4 - To Be Evaluated,,4,,,
,https://www.medizin.unibe.ch/index_eng.html,,"0.47, Severity: High",3.3.2 Labels or Instructions,,,,,2,,41,P4 - To Be Evaluated,,,P4 - To Be Evaluated,1.3.1 Info and Relationships,,100.0,"0.76, Severity: Medium",,,P4 - To Be Evaluated,2.4.6 Headings and Labels,92.0,"0.96, Severity: Low",59.0,Pass,,3.1.1 Language of Page,"Background and foreground colors do not have a sufficient contrast ratio (Score: 0.96, Severity: Low) (Score: N/A, Severity: Unknown)","Page structure lacks proper landmark regions (Score: 0.47, Severity: High) (Score: N/A, Severity: Unknown)",Faculty of Medicine,"0.11, Severity: High",,,"Document language is not specified (Score: 0.76, Severity: Medium); Form elements do not have associated labels (Score: 0.11, Severity: High); Heading elements are not in a sequentially-descending order (Score: 0.76, Severity: Medium); Background and foreground colors do not have a sufficient contrast ratio (Score: 0.96, Severity: Low); Page structure lacks proper landmark regions (Score: 0.47, Severity: High)",www.medizin.unibe.ch,"Document language is not specified (Score: 0.76, Severity: Medium) (Score: N/A, Severity: Unknown)","Form elements do not have associated labels (Score: 0.11, Severity: High) (Score: N/A, Severity: Unknown)",P4 - To Be Evaluated,P4 - To Be Evaluated,93.0,,,1.4.3 Contrast (Minimum),5,,"Heading elements are not in a sequentially-descending order (Score: 0.76, Severity: Medium) (Score: N/A, Severity: Unknown)",
,https://grindelwald.swiss/en/service/medical-services.html,1.1.1 Non-text Content,,3.3.2 Labels or Instructions,,,,"0.98, Severity: Low",1,,42,,,,,,"Image elements do not have `[alt]` attributes (Score: 0.98, Severity: Low) (Score: N/A, Severity: Unknown)",96.0,,,,,,92.0,,58.0,Fail,,,,,Medical problem? - Grindelwald Tourism,"0.11, Severity: High",P4 - To Be Evaluated,,"Image elements do not have `[alt]` attributes (Score: 0.98, Severity: Low); Form elements do not have associated labels (Score: 0.11, Severity: High)",grindelwald.swiss,,"Form elements do not have associated labels (Score: 0.11, Severity: High) (Score: N/A, Severity: Unknown)",P4 - To Be Evaluated,,78.0,,,,2,,,
,https://www.genolierinnovation.com/en/ecosystem/health-industries/swiss-medical-network,1.1.1 Non-text Content,,3.3.2 Labels or Instructions,"Buttons do not have an accessible name (Score: 0.81, Severity: Low) (Score: N/A, Severity: Unknown)",2.1.1 Keyboard,,"0.72, Severity: Medium",1,"Interactive controls are not keyboard focusable (Score: 0.69, Severity: Medium) (Score: N/A, Severity: Unknown)",43,,"0.81, Severity: Low",,,,"Image elements do not have `[alt]` attributes (Score: 0.72, Severity: Medium) (Score: N/A, Severity: Unknown)",75.0,,"0.69, Severity: Medium",,P4 - To Be Evaluated,,92.0,"0.39, Severity: High",62.0,Pass,,,"Background and foreground colors do not have a sufficient contrast ratio (Score: 0.39, Severity: High) (Score: N/A, Severity: Unknown)",,Swiss Medical Network | Genolier Innovation Hub,"0.6, Severity: Medium",P4 - To Be Evaluated,,"Image elements do not have `[alt]` attributes (Score: 0.72, Severity: Medium); Interactive controls are not keyboard focusable (Score: 0.69, Severity: Medium); Form elements do not have associated labels (Score: 0.6, Severity: Medium); Buttons do not have an accessible name (Score: 0.81, Severity: Low); Background and foreground colors do not have a sufficient contrast ratio (Score: 0.39, Severity: High)",www.genolierinnovation.com,,"Form elements do not have associated labels (Score: 0.6, Severity: Medium) (Score: N/A, Severity: Unknown)",P4 - To Be Evaluated,,93.0,P4 - To Be Evaluated,P4 - To Be Evaluated,1.4.3 Contrast (Minimum),5,"4.1.2 Name, Role, Value",,
"Links do not have a discernible name (Score: 0.46, Severity: High) (Score: N/A, Severity: Unknown)",https://www.la-tour.ch/en/care-services/swiss-center-preventive-medicine,1.1.1 Non-text Content,,3.3.2 Labels or Instructions,,,,"0.29, Severity: High",4,,44,,,,P4 - To Be Evaluated,,"Image elements do not have `[alt]` attributes (Score: 0.29, Severity: High) (Score: N/A, Severity: Unknown)",75.0,,,2.4.4 Link Purpose,,2.4.6 Headings and Labels,85.0,,64.0,Fail,P4 - To Be Evaluated,,,,Swiss Center For Preventive Medicine | HÃ´pital de La Tour,"0.35, Severity: High",P4 - To Be Evaluated,"0.46, Severity: High","Image elements do not have `[alt]` attributes (Score: 0.29, Severity: High); Links do not have a discernible name (Score: 0.46, Severity: High); Form elements do not have associated labels (Score: 0.35, Severity: High); Heading elements are not in a sequentially-descending order (Score: 0.27, Severity: High)",www.la-tour.ch,,"Form elements do not have associated labels (Score: 0.35, Severity: High) (Score: N/A, Severity: Unknown)",P4 - To Be Evaluated,,86.0,,,,4,,"Heading elements are not in a sequentially-descending order (Score: 0.27, Severity: High) (Score: N/A, Severity: Unknown)",
,https://boris.unibe.ch/169559/,,"0.92, Severity: Low",,,2.1.1 Keyboard,,,0,"Interactive controls are not keyboard focusable (Score: 0.65, Severity: Medium) (Score: N/A, Severity: Unknown)",45,P4 - To Be Evaluated,,,,1.3.1 Info and Relationships,,82.0,,"0.65, Severity: Medium",,,,92.0,,71.0,Fail,,,,"Page structure lacks proper landmark regions (Score: 0.92, Severity: Low) (Score: N/A, Severity: Unknown)",Megatrends in Healthcare: Review for the Swiss National Science ...,,,,"Interactive controls are not keyboard focusable (Score: 0.65, Severity: Medium); Page structure lacks proper landmark regions (Score: 0.92, Severity: Low)",boris.unibe.ch,,,,,65.0,,P4 - To Be Evaluated,,2,,,
,https://www.hirslanden.ch/en/corporate/home.html,1.1.1 Non-text Content,,,"Buttons do not have an accessible name (Score: 0.31, Severity: High) (Score: N/A, Severity: Unknown)",,"ARIA attributes are not used correctly (Score: 0.71, Severity: Medium) (Score: N/A, Severity: Unknown)","0.89, Severity: Low",1,,46,,"0.31, Severity: High",P4 - To Be Evaluated,,,"Image elements do not have `[alt]` attributes (Score: 0.89, Severity: Low) (Score: N/A, Severity: Unknown)",93.0,,,,,,85.0,,69.0,Pass,,,,,"Hirslanden Group, Switzerland",,P4 - To Be Evaluated,,"Image elements do not have `[alt]` attributes (Score: 0.89, Severity: Low); ARIA attributes are not used correctly (Score: 0.71, Severity: Medium); Buttons do not have an accessible name (Score: 0.31, Severity: High)",www.hirslanden.ch,,,,,90.0,P4 - To Be Evaluated,,,3,"4.1.2 Name, Role, Value",,"4.1.2 Name, Role, Value"
,https://www.just-medical.ch/en/blog/medical-coders,,,,,2.1.1 Keyboard,,,1,"Interactive controls are not keyboard focusable (Score: 0.23, Severity: High) (Score: N/A, Severity: Unknown)",47,,,,,,,79.0,"0.87, Severity: Low","0.23, Severity: High",,,,100.0,,65.0,Pass,,3.1.1 Language of Page,,,"Medical Coding in Switzerland: Career, Challenges and Training ...",,,,"Document language is not specified (Score: 0.87, Severity: Low); Interactive controls are not keyboard focusable (Score: 0.23, Severity: High)",www.just-medical.ch,"Document language is not specified (Score: 0.87, Severity: Low) (Score: N/A, Severity: Unknown)",,,P4 - To Be Evaluated,93.0,,P4 - To Be Evaluated,,2,,,
,https://www.crr-suva.ch/rehabilitation-clinic/swiss-olympic-medical-center-122.html,,"0.36, Severity: High",,,,"ARIA attributes are not used correctly (Score: 0.12, Severity: High) (Score: N/A, Severity: Unknown)",,2,,48,P4 - To Be Evaluated,,P4 - To Be Evaluated,,1.3.1 Info and Relationships,,96.0,,,,,,83.0,,81.0,Pass,,,,"Page structure lacks proper landmark regions (Score: 0.36, Severity: High) (Score: N/A, Severity: Unknown)",Swiss Olympic Medical Center :: Clinique romande de rÃ©adaptation ...,,,,"ARIA attributes are not used correctly (Score: 0.12, Severity: High); Page structure lacks proper landmark regions (Score: 0.36, Severity: High)",www.crr-suva.ch,,,,,100.0,,,,2,,,"4.1.2 Name, Role, Value"
,https://www.lucernehealth.com/,1.1.1 Non-text Content,,,,,,"0.38, Severity: High",2,,49,,,,P4 - To Be Evaluated,,"Image elements do not have `[alt]` attributes (Score: 0.38, Severity: High) (Score: N/A, Severity: Unknown)",100.0,"0.15, Severity: High",,,,2.4.6 Headings and Labels,75.0,,76.0,Fail,,3.1.1 Language of Page,,,Lucerne Health - Swiss Health Care,,P4 - To Be Evaluated,,"Image elements do not have `[alt]` attributes (Score: 0.38, Severity: High); Document language is not specified (Score: 0.15, Severity: High); Heading elements are not in a sequentially-descending order (Score: 0.57, Severity: Medium)",www.lucernehealth.com,"Document language is not specified (Score: 0.15, Severity: High) (Score: N/A, Severity: Unknown)",,,P4 - To Be Evaluated,59.0,,,,3,,"Heading elements are not in a sequentially-descending order (Score: 0.57, Severity: Medium) (Score: N/A, Severity: Unknown)",
,https://ch.linkedin.com/in/emmanouil-alexandros-lazaridis-msc-phd-md-91a32540,1.1.1 Non-text Content,,3.3.2 Labels or Instructions,"Buttons do not have an accessible name (Score: 0.99, Severity: Low) (Score: N/A, Severity: Unknown)",,"ARIA attributes are not used correctly (Score: 0.93, Severity: Low) (Score: N/A, Severity: Unknown)","0.1, Severity: High",2,,50,,"0.99, Severity: Low",P4 - To Be Evaluated,,,"Image elements do not have `[alt]` attributes (Score: 0.1, Severity: High) (Score: N/A, Severity: Unknown)",75.0,,,,,,5799999999999990.0,,56.0,Pass,,,,,"Emmanouil Alexandros Lazaridis MSc, PhD, MD â€“ MEDICAL ...","0.44, Severity: High",P4 - To Be Evaluated,,"Image elements do not have `[alt]` attributes (Score: 0.1, Severity: High); ARIA attributes are not used correctly (Score: 0.93, Severity: Low); Form elements do not have associated labels (Score: 0.44, Severity: High); Buttons do not have an accessible name (Score: 0.99, Severity: Low)",ch.linkedin.com,,"Form elements do not have associated labels (Score: 0.44, Severity: High) (Score: N/A, Severity: Unknown)",P4 - To Be Evaluated,,100.0,P4 - To Be Evaluated,,,4,"4.1.2 Name, Role, Value",,"4.1.2 Name, Role, Value"
"Links do not have a discernible name (Score: 0.28, Severity: High) (Score: N/A, Severity: Unknown)",https://cmgv.ch/en/,,,,"Buttons do not have an accessible name (Score: 0.86, Severity: Low) (Score: N/A, Severity: Unknown)",2.1.1 Keyboard,"ARIA attributes are not used correctly (Score: 0.15, Severity: High) (Score: N/A, Severity: Unknown)",,3,"Interactive controls are not keyboard focusable (Score: 0.7, Severity: Medium) (Score: N/A, Severity: Unknown)",51,,"0.86, Severity: Low",P4 - To Be Evaluated,,,,96.0,"0.41, Severity: High","0.7, Severity: Medium",2.4.4 Link Purpose,,,92.0,,94.0,Fail,P4 - To Be Evaluated,3.1.1 Language of Page,,,Medical Center Gare de Vevey I Multidisciplinary healthcare facility,,,"0.28, Severity: High","ARIA attributes are not used correctly (Score: 0.15, Severity: High); Document language is not specified (Score: 0.41, Severity: High); Links do not have a discernible name (Score: 0.28, Severity: High); Interactive controls are not keyboard focusable (Score: 0.7, Severity: Medium); Buttons do not have an accessible name (Score: 0.86, Severity: Low)",cmgv.ch,"Document language is not specified (Score: 0.41, Severity: High) (Score: N/A, Severity: Unknown)",,,P4 - To Be Evaluated,78.0,P4 - To Be Evaluated,P4 - To Be Evaluated,,5,"4.1.2 Name, Role, Value",,"4.1.2 Name, Role, Value"
,https://www.sip.ch/international-patient-journey-map/,,"0.61, Severity: Medium",,,2.1.1 Keyboard,"ARIA attributes are not used correctly (Score: 0.88, Severity: Low) (Score: N/A, Severity: Unknown)",,0,"Interactive controls are not keyboard focusable (Score: 0.7, Severity: Medium) (Score: N/A, Severity: Unknown)",52,P4 - To Be Evaluated,,P4 - To Be Evaluated,P4 - To Be Evaluated,1.3.1 Info and Relationships,,100.0,,"0.7, Severity: Medium",,,2.4.6 Headings and Labels,100.0,,84.0,Pass,,,,"Page structure lacks proper landmark regions (Score: 0.61, Severity: Medium) (Score: N/A, Severity: Unknown)",White Paper â€“ A Research Contribution: International Patient ...,,,,"ARIA attributes are not used correctly (Score: 0.88, Severity: Low); Interactive controls are not keyboard focusable (Score: 0.7, Severity: Medium); Heading elements are not in a sequentially-descending order (Score: 0.55, Severity: Medium); Page structure lacks proper landmark regions (Score: 0.61, Severity: Medium)",www.sip.ch,,,,,90.0,,P4 - To Be Evaluated,,4,,"Heading elements are not in a sequentially-descending order (Score: 0.55, Severity: Medium) (Score: N/A, Severity: Unknown)","4.1.2 Name, Role, Value"
,https://www.dreso.com/ch/en/sectors/healthcare/master-planning-and-order-definition,,,,"Buttons do not have an accessible name (Score: 0.42, Severity: High) (Score: N/A, Severity: Unknown)",,"ARIA attributes are not used correctly (Score: 0.31, Severity: High) (Score: N/A, Severity: Unknown)",,2,,53,,"0.42, Severity: High",P4 - To Be Evaluated,,,,100.0,,,,,,92.0,,68.0,Fail,,,,,Master planning for efficient hospital operations | Drees & Sommer ...,,,,"ARIA attributes are not used correctly (Score: 0.31, Severity: High); Buttons do not have an accessible name (Score: 0.42, Severity: High)",www.dreso.com,,,,,84.0,P4 - To Be Evaluated,,,2,"4.1.2 Name, Role, Value",,"4.1.2 Name, Role, Value"
,https://premiumswitzerland.com/en/medical/psychiatry/treatments/mental-health,1.1.1 Non-text Content,,,"Buttons do not have an accessible name (Score: 0.64, Severity: Medium) (Score: N/A, Severity: Unknown)",,,"0.37, Severity: High",4,,54,,"0.64, Severity: Medium",,P4 - To Be Evaluated,,"Image elements do not have `[alt]` attributes (Score: 0.37, Severity: High) (Score: N/A, Severity: Unknown)",100.0,"0.25, Severity: High",,,P4 - To Be Evaluated,2.4.6 Headings and Labels,92.0,"0.43, Severity: High",95.0,Pass,,3.1.1 Language of Page,"Background and foreground colors do not have a sufficient contrast ratio (Score: 0.43, Severity: High) (Score: N/A, Severity: Unknown)",,Best 6 Mental health clinics in Switzerland,,P4 - To Be Evaluated,,"Image elements do not have `[alt]` attributes (Score: 0.37, Severity: High); Document language is not specified (Score: 0.25, Severity: High); Heading elements are not in a sequentially-descending order (Score: 0.41, Severity: High); Buttons do not have an accessible name (Score: 0.64, Severity: Medium); Background and foreground colors do not have a sufficient contrast ratio (Score: 0.43, Severity: High)",premiumswitzerland.com,"Document language is not specified (Score: 0.25, Severity: High) (Score: N/A, Severity: Unknown)",,,P4 - To Be Evaluated,94.0,P4 - To Be Evaluated,,1.4.3 Contrast (Minimum),5,"4.1.2 Name, Role, Value","Heading elements are not in a sequentially-descending order (Score: 0.41, Severity: High) (Score: N/A, Severity: Unknown)",
,https://www.clarunis.ch/en/,1.1.1 Non-text Content,,3.3.2 Labels or Instructions,,2.1.1 Keyboard,,"0.25, Severity: High",1,"Interactive controls are not keyboard focusable (Score: 0.99, Severity: Low) (Score: N/A, Severity: Unknown)",55,,,,,,"Image elements do not have `[alt]` attributes (Score: 0.25, Severity: High) (Score: N/A, Severity: Unknown)",100.0,"0.72, Severity: Medium","0.99, Severity: Low",,P4 - To Be Evaluated,,75.0,"0.84, Severity: Low",88.0,Fail,,3.1.1 Language of Page,"Background and foreground colors do not have a sufficient contrast ratio (Score: 0.84, Severity: Low) (Score: N/A, Severity: Unknown)",,Clarunis - University Center for Gastrointestinal and Liver Diseases ...,"0.8, Severity: Low",P4 - To Be Evaluated,,"Image elements do not have `[alt]` attributes (Score: 0.25, Severity: High); Document language is not specified (Score: 0.72, Severity: Medium); Interactive controls are not keyboard focusable (Score: 0.99, Severity: Low); Form elements do not have associated labels (Score: 0.8, Severity: Low); Background and foreground colors do not have a sufficient contrast ratio (Score: 0.84, Severity: Low)",www.clarunis.ch,"Document language is not specified (Score: 0.72, Severity: Medium) (Score: N/A, Severity: Unknown)","Form elements do not have associated labels (Score: 0.8, Severity: Low) (Score: N/A, Severity: Unknown)",P4 - To Be Evaluated,P4 - To Be Evaluated,85.0,,P4 - To Be Evaluated,1.4.3 Contrast (Minimum),5,,,
"Links do not have a discernible name (Score: 0.48, Severity: High) (Score: N/A, Severity: Unknown)",https://www.adecco.com/en-ch/jobs/healthcare,,,,"Buttons do not have an accessible name (Score: 0.38, Severity: High) (Score: N/A, Severity: Unknown)",,"ARIA attributes are not used correctly (Score: 0.92, Severity: Low) (Score: N/A, Severity: Unknown)",,3,,56,,"0.38, Severity: High",P4 - To Be Evaluated,,,,100.0,,,2.4.4 Link Purpose,P4 - To Be Evaluated,,85.0,"0.4, Severity: High",39.0,Pass,P4 - To Be Evaluated,,"Background and foreground colors do not have a sufficient contrast ratio (Score: 0.4, Severity: High) (Score: N/A, Severity: Unknown)",,Jobs in Healthcare,,,"0.48, Severity: High","ARIA attributes are not used correctly (Score: 0.92, Severity: Low); Links do not have a discernible name (Score: 0.48, Severity: High); Buttons do not have an accessible name (Score: 0.38, Severity: High); Background and foreground colors do not have a sufficient contrast ratio (Score: 0.4, Severity: High)",www.adecco.com,,,,,100.0,P4 - To Be Evaluated,,1.4.3 Contrast (Minimum),4,"4.1.2 Name, Role, Value",,"4.1.2 Name, Role, Value"
,https://www.cagi.ch/en/practical-infos/emergencies-doctors/,,,,,,"ARIA attributes are not used correctly (Score: 0.41, Severity: High) (Score: N/A, Severity: Unknown)",,2,,57,,,P4 - To Be Evaluated,,,,100.0,"0.96, Severity: Low",,,P4 - To Be Evaluated,,100.0,"0.26, Severity: High",61.0,Fail,,3.1.1 Language of Page,"Background and foreground colors do not have a sufficient contrast ratio (Score: 0.26, Severity: High) (Score: N/A, Severity: Unknown)",,Emergencies & doctors - Centre d'Accueil de la GenÃ¨ve Internationale,,,,"ARIA attributes are not used correctly (Score: 0.41, Severity: High); Document language is not specified (Score: 0.96, Severity: Low); Background and foreground colors do not have a sufficient contrast ratio (Score: 0.26, Severity: High)",www.cagi.ch,"Document language is not specified (Score: 0.96, Severity: Low) (Score: N/A, Severity: Unknown)",,,P4 - To Be Evaluated,89.0,,,1.4.3 Contrast (Minimum),3,,,"4.1.2 Name, Role, Value"
,https://www.gondola-medical.com/,,"0.29, Severity: High",3.3.2 Labels or Instructions,,2.1.1 Keyboard,"ARIA attributes are not used correctly (Score: 0.45, Severity: High) (Score: N/A, Severity: Unknown)",,2,"Interactive controls are not keyboard focusable (Score: 0.58, Severity: Medium) (Score: N/A, Severity: Unknown)",58,P4 - To Be Evaluated,,P4 - To Be Evaluated,,1.3.1 Info and Relationships,,100.0,,"0.58, Severity: Medium",,,,92.0,,71.0,Pass,,,,"Page structure lacks proper landmark regions (Score: 0.29, Severity: High) (Score: N/A, Severity: Unknown)",Gondola Medical Technologies,"0.86, Severity: Low",,,"ARIA attributes are not used correctly (Score: 0.45, Severity: High); Interactive controls are not keyboard focusable (Score: 0.58, Severity: Medium); Form elements do not have associated labels (Score: 0.86, Severity: Low); Page structure lacks proper landmark regions (Score: 0.29, Severity: High)",www.gondola-medical.com,,"Form elements do not have associated labels (Score: 0.86, Severity: Low) (Score: N/A, Severity: Unknown)",P4 - To Be Evaluated,,96.0,,P4 - To Be Evaluated,,4,,,"4.1.2 Name, Role, Value"
,https://digitalswitzerland.com/the-swiss-healthcare-system-entering-a-new-digital-era/,,,,,2.1.1 Keyboard,,,0,"Interactive controls are not keyboard focusable (Score: 0.68, Severity: Medium) (Score: N/A, Severity: Unknown)",59,,,,,,,75.0,,"0.68, Severity: Medium",,,,92.0,,44.0,Fail,,,,,The Swiss healthcare system: entering a new digital era ...,,,,"Interactive controls are not keyboard focusable (Score: 0.68, Severity: Medium)",digitalswitzerland.com,,,,,87.0,,P4 - To Be Evaluated,,1,,,
,https://www.derungs.swiss/en/,,,,"Buttons do not have an accessible name (Score: 0.82, Severity: Low) (Score: N/A, Severity: Unknown)",,,,1,,60,,"0.82, Severity: Low",,,,,100.0,"0.3, Severity: High",,,P4 - To Be Evaluated,,100.0,"0.61, Severity: Medium",88.0,Pass,,3.1.1 Language of Page,"Background and foreground colors do not have a sufficient contrast ratio (Score: 0.61, Severity: Medium) (Score: N/A, Severity: Unknown)",,Lighting solutions for medical use. Welcome to Derungs Licht.,,,,"Document language is not specified (Score: 0.3, Severity: High); Buttons do not have an accessible name (Score: 0.82, Severity: Low); Background and foreground colors do not have a sufficient contrast ratio (Score: 0.61, Severity: Medium)",www.derungs.swiss,"Document language is not specified (Score: 0.3, Severity: High) (Score: N/A, Severity: Unknown)",,,P4 - To Be Evaluated,100.0,P4 - To Be Evaluated,,1.4.3 Contrast (Minimum),3,"4.1.2 Name, Role, Value",,
,https://www.ungeneva.org/en/about/topics/health,,,3.3.2 Labels or Instructions,,2.1.1 Keyboard,"ARIA attributes are not used correctly (Score: 0.51, Severity: Medium) (Score: N/A, Severity: Unknown)",,1,"Interactive controls are not keyboard focusable (Score: 0.91, Severity: Low) (Score: N/A, Severity: Unknown)",61,,,P4 - To Be Evaluated,,,,96.0,"0.68, Severity: Medium","0.91, Severity: Low",,P4 - To Be Evaluated,,85.0,"0.31, Severity: High",56.0,Fail,,3.1.1 Language of Page,"Background and foreground colors do not have a sufficient contrast ratio (Score: 0.31, Severity: High) (Score: N/A, Severity: Unknown)",,Health | The United Nations Office at Geneva,"0.64, Severity: Medium",,,"ARIA attributes are not used correctly (Score: 0.51, Severity: Medium); Document language is not specified (Score: 0.68, Severity: Medium); Interactive controls are not keyboard focusable (Score: 0.91, Severity: Low); Form elements do not have associated labels (Score: 0.64, Severity: Medium); Background and foreground colors do not have a sufficient contrast ratio (Score: 0.31, Severity: High)",www.ungeneva.org,"Document language is not specified (Score: 0.68, Severity: Medium) (Score: N/A, Severity: Unknown)","Form elements do not have associated labels (Score: 0.64, Severity: Medium) (Score: N/A, Severity: Unknown)",P4 - To Be Evaluated,P4 - To Be Evaluated,87.0,,P4 - To Be Evaluated,1.4.3 Contrast (Minimum),5,,,"4.1.2 Name, Role, Value"
"Links do not have a discernible name (Score: 0.9, Severity: Low) (Score: N/A, Severity: Unknown)",https://www.davos.ch/en/discover/sports-health-training/davos-hospital-clinics,,"0.76, Severity: Medium",3.3.2 Labels or Instructions,,,"ARIA attributes are not used correctly (Score: 0.63, Severity: Medium) (Score: N/A, Severity: Unknown)",,1,,62,P4 - To Be Evaluated,,P4 - To Be Evaluated,,1.3.1 Info and Relationships,,79.0,"0.5, Severity: Medium",,2.4.4 Link Purpose,,,83.0,,66.0,Fail,P4 - To Be Evaluated,3.1.1 Language of Page,,"Page structure lacks proper landmark regions (Score: 0.76, Severity: Medium) (Score: N/A, Severity: Unknown)",Davos hospital & clinics,"0.39, Severity: High",,"0.9, Severity: Low","ARIA attributes are not used correctly (Score: 0.63, Severity: Medium); Document language is not specified (Score: 0.5, Severity: Medium); Links do not have a discernible name (Score: 0.9, Severity: Low); Form elements do not have associated labels (Score: 0.39, Severity: High); Page structure lacks proper landmark regions (Score: 0.76, Severity: Medium)",www.davos.ch,"Document language is not specified (Score: 0.5, Severity: Medium) (Score: N/A, Severity: Unknown)","Form elements do not have associated labels (Score: 0.39, Severity: High) (Score: N/A, Severity: Unknown)",P4 - To Be Evaluated,P4 - To Be Evaluated,86.0,,,,5,,,"4.1.2 Name, Role, Value"
,https://lemana.com/,1.1.1 Non-text Content,,,,,"ARIA attributes are not used correctly (Score: 0.87, Severity: Low) (Score: N/A, Severity: Unknown)","0.49, Severity: High",2,,63,,,P4 - To Be Evaluated,,,"Image elements do not have `[alt]` attributes (Score: 0.49, Severity: High) (Score: N/A, Severity: Unknown)",96.0,,,,P4 - To Be Evaluated,,92.0,"0.17, Severity: High",65.0,Pass,,,"Background and foreground colors do not have a sufficient contrast ratio (Score: 0.17, Severity: High) (Score: N/A, Severity: Unknown)",,Health Center Clinique LÃ©mana: Swiss private clinic,,P4 - To Be Evaluated,,"Image elements do not have `[alt]` attributes (Score: 0.49, Severity: High); ARIA attributes are not used correctly (Score: 0.87, Severity: Low); Background and foreground colors do not have a sufficient contrast ratio (Score: 0.17, Severity: High)",lemana.com,,,,,94.0,,,1.4.3 Contrast (Minimum),3,,,"4.1.2 Name, Role, Value"
"Links do not have a discernible name (Score: 0.38, Severity: High) (Score: N/A, Severity: Unknown)",https://www.redcross.ch/en/our-services/healthcare-professions-recognition-and-registration/recognition-of-foreign-qualifications,1.1.1 Non-text Content,,,,,"ARIA attributes are not used correctly (Score: 0.6, Severity: Medium) (Score: N/A, Severity: Unknown)","0.1, Severity: High",2,,64,,,P4 - To Be Evaluated,P4 - To Be Evaluated,,"Image elements do not have `[alt]` attributes (Score: 0.1, Severity: High) (Score: N/A, Severity: Unknown)",100.0,,,2.4.4 Link Purpose,,2.4.6 Headings and Labels,92.0,,51.0,Pass,P4 - To Be Evaluated,,,,Healthcare professions: recognize foreign diplomas | SRC,,P4 - To Be Evaluated,"0.38, Severity: High","Image elements do not have `[alt]` attributes (Score: 0.1, Severity: High); ARIA attributes are not used correctly (Score: 0.6, Severity: Medium); Links do not have a discernible name (Score: 0.38, Severity: High); Heading elements are not in a sequentially-descending order (Score: 0.54, Severity: Medium)",www.redcross.ch,,,,,91.0,,,,4,,"Heading elements are not in a sequentially-descending order (Score: 0.54, Severity: Medium) (Score: N/A, Severity: Unknown)","4.1.2 Name, Role, Value"
"Links do not have a discernible name (Score: 0.49, Severity: High) (Score: N/A, Severity: Unknown)",https://www.biopole.ch/story/the-electronic-patient-file-story-of-a-collaboration-between-cara-and-swiss-post/,,,,"Buttons do not have an accessible name (Score: 0.3, Severity: High) (Score: N/A, Severity: Unknown)",,"ARIA attributes are not used correctly (Score: 0.5, Severity: Medium) (Score: N/A, Severity: Unknown)",,3,,65,,"0.3, Severity: High",P4 - To Be Evaluated,P4 - To Be Evaluated,,,100.0,,,2.4.4 Link Purpose,P4 - To Be Evaluated,2.4.6 Headings and Labels,85.0,"0.69, Severity: Medium",63.0,Fail,P4 - To Be Evaluated,,"Background and foreground colors do not have a sufficient contrast ratio (Score: 0.69, Severity: Medium) (Score: N/A, Severity: Unknown)",,The electronic patient file â€¢ BiopÃ´le â€¢ Switzerland,,,"0.49, Severity: High","ARIA attributes are not used correctly (Score: 0.5, Severity: Medium); Links do not have a discernible name (Score: 0.49, Severity: High); Heading elements are not in a sequentially-descending order (Score: 0.38, Severity: High); Buttons do not have an accessible name (Score: 0.3, Severity: High); Background and foreground colors do not have a sufficient contrast ratio (Score: 0.69, Severity: Medium)",www.biopole.ch,,,,,79.0,P4 - To Be Evaluated,,1.4.3 Contrast (Minimum),5,"4.1.2 Name, Role, Value","Heading elements are not in a sequentially-descending order (Score: 0.38, Severity: High) (Score: N/A, Severity: Unknown)","4.1.2 Name, Role, Value"
,https://la-tour.ch/international-patients,,"0.78, Severity: Medium",3.3.2 Labels or Instructions,"Buttons do not have an accessible name (Score: 0.32, Severity: High) (Score: N/A, Severity: Unknown)",2.1.1 Keyboard,,,2,"Interactive controls are not keyboard focusable (Score: 0.89, Severity: Low) (Score: N/A, Severity: Unknown)",66,P4 - To Be Evaluated,"0.32, Severity: High",,,1.3.1 Info and Relationships,,75.0,"0.65, Severity: Medium","0.89, Severity: Low",,,,77.0,,62.0,Fail,,3.1.1 Language of Page,,"Page structure lacks proper landmark regions (Score: 0.78, Severity: Medium) (Score: N/A, Severity: Unknown)",International patients | HÃ´pital de La Tour,"0.39, Severity: High",,,"Document language is not specified (Score: 0.65, Severity: Medium); Interactive controls are not keyboard focusable (Score: 0.89, Severity: Low); Form elements do not have associated labels (Score: 0.39, Severity: High); Buttons do not have an accessible name (Score: 0.32, Severity: High); Page structure lacks proper landmark regions (Score: 0.78, Severity: Medium)",la-tour.ch,"Document language is not specified (Score: 0.65, Severity: Medium) (Score: N/A, Severity: Unknown)","Form elements do not have associated labels (Score: 0.39, Severity: High) (Score: N/A, Severity: Unknown)",P4 - To Be Evaluated,P4 - To Be Evaluated,87.0,P4 - To Be Evaluated,P4 - To Be Evaluated,,5,"4.1.2 Name, Role, Value",,
,https://www.bfs.admin.ch/bfs/en/home/statistics/health/costs-financing.html,,"0.63, Severity: Medium",,,,,,1,,67,P4 - To Be Evaluated,,,P4 - To Be Evaluated,1.3.1 Info and Relationships,,96.0,,,,,2.4.6 Headings and Labels,77.0,,44.0,Pass,,,,"Page structure lacks proper landmark regions (Score: 0.63, Severity: Medium) (Score: N/A, Severity: Unknown)","Costs, financing",,,,"Heading elements are not in a sequentially-descending order (Score: 0.39, Severity: High); Page structure lacks proper landmark regions (Score: 0.63, Severity: Medium)",www.bfs.admin.ch,,,,,90.0,,,,2,,"Heading elements are not in a sequentially-descending order (Score: 0.39, Severity: High) (Score: N/A, Severity: Unknown)",
,https://helvident.ch/en/covid-19-oral-and-dental-treatments-authorized-in-switzerland/,,,3.3.2 Labels or Instructions,,,,,2,,68,,,,,,,75.0,,,,P4 - To Be Evaluated,,100.0,"0.21, Severity: High",58.0,Pass,,,"Background and foreground colors do not have a sufficient contrast ratio (Score: 0.21, Severity: High) (Score: N/A, Severity: Unknown)",,COVID-19: Oral treatments authorized in Switzerland,"0.37, Severity: High",,,"Form elements do not have associated labels (Score: 0.37, Severity: High); Background and foreground colors do not have a sufficient contrast ratio (Score: 0.21, Severity: High)",helvident.ch,,"Form elements do not have associated labels (Score: 0.37, Severity: High) (Score: N/A, Severity: Unknown)",P4 - To Be Evaluated,,92.0,,,1.4.3 Contrast (Minimum),2,,,
,https://www.mtip.ch/,,,,,,,,2,,69,,,,P4 - To Be Evaluated,,,79.0,"0.25, Severity: High",,,,2.4.6 Headings and Labels,100.0,,56.0,Pass,,3.1.1 Language of Page,,,MTIP | The European healthcare software investor.,,,,"Document language is not specified (Score: 0.25, Severity: High); Heading elements are not in a sequentially-descending order (Score: 0.32, Severity: High)",www.mtip.ch,"Document language is not specified (Score: 0.25, Severity: High) (Score: N/A, Severity: Unknown)",,,P4 - To Be Evaluated,94.0,,,,2,,"Heading elements are not in a sequentially-descending order (Score: 0.32, Severity: High) (Score: N/A, Severity: Unknown)",
,https://www.versorgungsatlas.ch/en,,,,,2.1.1 Keyboard,,,1,"Interactive controls are not keyboard focusable (Score: 0.25, Severity: High) (Score: N/A, Severity: Unknown)",70,,,,,,,100.0,,"0.25, Severity: High",,,,91.0,,93.0,Pass,,,,,Home | Swiss Health Care Atlas,,,,"Interactive controls are not keyboard focusable (Score: 0.25, Severity: High)",www.versorgungsatlas.ch,,,,,96.0,,P4 - To Be Evaluated,,1,,,
,https://www.resortragaz.ch/en/health-and-wellness/doctors-departments,1.1.1 Non-text Content,,,,,,"0.62, Severity: Medium",0,,71,,,,,,"Image elements do not have `[alt]` attributes (Score: 0.62, Severity: Medium) (Score: N/A, Severity: Unknown)",93.0,,,,,,92.0,,57.0,Fail,,,,,Doctors & departments | Grand Resort Bad Ragaz,,P4 - To Be Evaluated,,"Image elements do not have `[alt]` attributes (Score: 0.62, Severity: Medium)",www.resortragaz.ch,,,,,82.0,,,,1,,,
,https://www.swisstopclinics.ch/,,,,,2.1.1 Keyboard,,,1,"Interactive controls are not keyboard focusable (Score: 0.14, Severity: High) (Score: N/A, Severity: Unknown)",72,,,,,,,96.0,,"0.14, Severity: High",,,,100.0,,71.0,Pass,,,,,Swiss Top clinics | World-Class Medical Services | Personalized ...,,,,"Interactive controls are not keyboard focusable (Score: 0.14, Severity: High)",www.swisstopclinics.ch,,,,,91.0,,P4 - To Be Evaluated,,1,,,
,https://vista.ch/vdp-international,,"0.44, Severity: High",,,,,,3,,73,P4 - To Be Evaluated,,,P4 - To Be Evaluated,1.3.1 Info and Relationships,,79.0,"0.18, Severity: High",,,,2.4.6 Headings and Labels,92.0,,75.0,Pass,,3.1.1 Language of Page,,"Page structure lacks proper landmark regions (Score: 0.44, Severity: High) (Score: N/A, Severity: Unknown)",Health Campaign 2024: English Landingpage â€“ Vista ...,,,,"Document language is not specified (Score: 0.18, Severity: High); Heading elements are not in a sequentially-descending order (Score: 0.41, Severity: High); Page structure lacks proper landmark regions (Score: 0.44, Severity: High)",vista.ch,"Document language is not specified (Score: 0.18, Severity: High) (Score: N/A, Severity: Unknown)",,,P4 - To Be Evaluated,94.0,,,,3,,"Heading elements are not in a sequentially-descending order (Score: 0.41, Severity: High) (Score: N/A, Severity: Unknown)",
"Links do not have a discernible name (Score: 0.14, Severity: High) (Score: N/A, Severity: Unknown)",https://www.onedoc.ch/en/medical-center/geneva/ep8b/swiss-international-health-center-sa,,"0.71, Severity: Medium",3.3.2 Labels or Instructions,,,,,1,,74,P4 - To Be Evaluated,,,,1.3.1 Info and Relationships,,100.0,,,2.4.4 Link Purpose,,,85.0,,67.0,Fail,P4 - To Be Evaluated,,,"Page structure lacks proper landmark regions (Score: 0.71, Severity: Medium) (Score: N/A, Severity: Unknown)","Swiss International Health Center SA, medical center in Geneva ...","0.57, Severity: Medium",,"0.14, Severity: High","Links do not have a discernible name (Score: 0.14, Severity: High); Form elements do not have associated labels (Score: 0.57, Severity: Medium); Page structure lacks proper landmark regions (Score: 0.71, Severity: Medium)",www.onedoc.ch,,"Form elements do not have associated labels (Score: 0.57, Severity: Medium) (Score: N/A, Severity: Unknown)",P4 - To Be Evaluated,,85.0,,,,3,,,
,https://www.logitech.com/en-ch/business/resource-center/case-study/hospital-clinic.html,1.1.1 Non-text Content,,,"Buttons do not have an accessible name (Score: 0.12, Severity: High) (Score: N/A, Severity: Unknown)",,,"0.27, Severity: High",2,,75,,"0.12, Severity: High",,,,"Image elements do not have `[alt]` attributes (Score: 0.27, Severity: High) (Score: N/A, Severity: Unknown)",79.0,,,,,,85.0,,28.0,Pass,,,,,Case Study: Hospital ClÃ­nic de Barcelona - Logitech VC,,P4 - To Be Evaluated,,"Image elements do not have `[alt]` attributes (Score: 0.27, Severity: High); Buttons do not have an accessible name (Score: 0.12, Severity: High)",www.logitech.com,,,,,91.0,P4 - To Be Evaluated,,,2,"4.1.2 Name, Role, Value",,
"Links do not have a discernible name (Score: 0.73, Severity: Medium) (Score: N/A, Severity: Unknown)",https://www.chuv.ch/fr/chuv-home/espace-pro/journalistes/communiques-de-presse/detail/a-national-infrastructure-for-alzheimers-research,1.1.1 Non-text Content,,,,,,"0.61, Severity: Medium",0,,76,,,,,,"Image elements do not have `[alt]` attributes (Score: 0.61, Severity: Medium) (Score: N/A, Severity: Unknown)",96.0,,,2.4.4 Link Purpose,,,85.0,,80.0,Fail,P4 - To Be Evaluated,,,,Swiss Memory Centers establish a brain health register - CHUV,,P4 - To Be Evaluated,"0.73, Severity: Medium","Image elements do not have `[alt]` attributes (Score: 0.61, Severity: Medium); Links do not have a discernible name (Score: 0.73, Severity: Medium)",www.chuv.ch,,,,,70.0,,,,2,,,
"Links do not have a discernible name (Score: 0.39, Severity: High) (Score: N/A, Severity: Unknown)",https://www.icn.ch/,,,3.3.2 Labels or Instructions,,,"ARIA attributes are not used correctly (Score: 0.1, Severity: High) (Score: N/A, Severity: Unknown)",,3,,77,,,P4 - To Be Evaluated,,,,100.0,"0.29, Severity: High",,2.4.4 Link Purpose,,,85.0,,60.0,Pass,P4 - To Be Evaluated,3.1.1 Language of Page,,,International Council of Nurses (ICN) | ICN - International Council of ...,"0.52, Severity: Medium",,"0.39, Severity: High","ARIA attributes are not used correctly (Score: 0.1, Severity: High); Document language is not specified (Score: 0.29, Severity: High); Links do not have a discernible name (Score: 0.39, Severity: High); Form elements do not have associated labels (Score: 0.52, Severity: Medium)",www.icn.ch,"Document language is not specified (Score: 0.29, Severity: High) (Score: N/A, Severity: Unknown)","Form elements do not have associated labels (Score: 0.52, Severity: Medium) (Score: N/A, Severity: Unknown)",P4 - To Be Evaluated,P4 - To Be Evaluated,96.0,,,,4,,,"4.1.2 Name, Role, Value"
"Links do not have a discernible name (Score: 0.71, Severity: Medium) (Score: N/A, Severity: Unknown)",https://healthpolicy-watch.news/europe-struggles-to-keep-health-systems-afloat/,,,,"Buttons do not have an accessible name (Score: 0.81, Severity: Low) (Score: N/A, Severity: Unknown)",,"ARIA attributes are not used correctly (Score: 0.2, Severity: High) (Score: N/A, Severity: Unknown)",,1,,78,,"0.81, Severity: Low",P4 - To Be Evaluated,,,,75.0,,,2.4.4 Link Purpose,P4 - To Be Evaluated,,100.0,"0.68, Severity: Medium",78.0,Pass,P4 - To Be Evaluated,,"Background and foreground colors do not have a sufficient contrast ratio (Score: 0.68, Severity: Medium) (Score: N/A, Severity: Unknown)",,Europe Is Struggling To Keep Its Health Systems Afloat - Health ...,,,"0.71, Severity: Medium","ARIA attributes are not used correctly (Score: 0.2, Severity: High); Links do not have a discernible name (Score: 0.71, Severity: Medium); Buttons do not have an accessible name (Score: 0.81, Severity: Low); Background and foreground colors do not have a sufficient contrast ratio (Score: 0.68, Severity: Medium)",healthpolicy-watch.news,,,,,96.0,P4 - To Be Evaluated,,1.4.3 Contrast (Minimum),4,"4.1.2 Name, Role, Value",,"4.1.2 Name, Role, Value"
,https://www.scdh.ch/en/,,,,,,,,1,,79,,,,P4 - To Be Evaluated,,,100.0,,,,,2.4.6 Headings and Labels,85.0,,76.0,Pass,,,,,The Swiss Center for Design and Health SCDH guarantees design ...,,,,"Heading elements are not in a sequentially-descending order (Score: 0.1, Severity: High)",www.scdh.ch,,,,,94.0,,,,1,,"Heading elements are not in a sequentially-descending order (Score: 0.1, Severity: High) (Score: N/A, Severity: Unknown)",
,https://dndi.org/,1.1.1 Non-text Content,"0.95, Severity: Low",3.3.2 Labels or Instructions,,,,"0.15, Severity: High",1,,80,P4 - To Be Evaluated,,,,1.3.1 Info and Relationships,"Image elements do not have `[alt]` attributes (Score: 0.15, Severity: High) (Score: N/A, Severity: Unknown)",96.0,,,,,,85.0,,68.0,Fail,,,,"Page structure lacks proper landmark regions (Score: 0.95, Severity: Low) (Score: N/A, Severity: Unknown)",DNDi â€“ Best science for the most neglected,"0.99, Severity: Low",P4 - To Be Evaluated,,"Image elements do not have `[alt]` attributes (Score: 0.15, Severity: High); Form elements do not have associated labels (Score: 0.99, Severity: Low); Page structure lacks proper landmark regions (Score: 0.95, Severity: Low)",dndi.org,,"Form elements do not have associated labels (Score: 0.99, Severity: Low) (Score: N/A, Severity: Unknown)",P4 - To Be Evaluated,,89.0,,,,3,,,
,https://www.schiller.ch/en,,,3.3.2 Labels or Instructions,,,,,1,,81,,,,,,,75.0,,,,,,100.0,,62.0,Fail,,,,,SCHILLER: Swiss-designed innovative medical technology,"0.26, Severity: High",,,"Form elements do not have associated labels (Score: 0.26, Severity: High)",www.schiller.ch,,"Form elements do not have associated labels (Score: 0.26, Severity: High) (Score: N/A, Severity: Unknown)",P4 - To Be Evaluated,,82.0,,,,1,,,
,https://uossm-suisse.org/syrian_health_care_research/,1.1.1 Non-text Content,"0.85, Severity: Low",3.3.2 Labels or Instructions,,,"ARIA attributes are not used correctly (Score: 0.56, Severity: Medium) (Score: N/A, Severity: Unknown)","0.49, Severity: High",2,,82,P4 - To Be Evaluated,,P4 - To Be Evaluated,P4 - To Be Evaluated,1.3.1 Info and Relationships,"Image elements do not have `[alt]` attributes (Score: 0.49, Severity: High) (Score: N/A, Severity: Unknown)",96.0,,,,,2.4.6 Headings and Labels,85.0,,80.0,Fail,,,,"Page structure lacks proper landmark regions (Score: 0.85, Severity: Low) (Score: N/A, Severity: Unknown)",SYRIAN HEALTH CARE RESEARCH METHODOLOGY - UOSSM ...,"0.65, Severity: Medium",P4 - To Be Evaluated,,"Image elements do not have `[alt]` attributes (Score: 0.49, Severity: High); ARIA attributes are not used correctly (Score: 0.56, Severity: Medium); Form elements do not have associated labels (Score: 0.65, Severity: Medium); Heading elements are not in a sequentially-descending order (Score: 0.27, Severity: High); Page structure lacks proper landmark regions (Score: 0.85, Severity: Low)",uossm-suisse.org,,"Form elements do not have associated labels (Score: 0.65, Severity: Medium) (Score: N/A, Severity: Unknown)",P4 - To Be Evaluated,,79.0,,,,5,,"Heading elements are not in a sequentially-descending order (Score: 0.27, Severity: High) (Score: N/A, Severity: Unknown)","4.1.2 Name, Role, Value"
,https://www.zh.ch/de/migration-integration/willkommen/english/health.html,,,,,,"ARIA attributes are not used correctly (Score: 0.42, Severity: High) (Score: N/A, Severity: Unknown)",,2,,83,,,P4 - To Be Evaluated,P4 - To Be Evaluated,,,100.0,,,,,2.4.6 Headings and Labels,92.0,,97.0,Pass,,,,,Health | Kanton ZÃ¼rich,,,,"ARIA attributes are not used correctly (Score: 0.42, Severity: High); Heading elements are not in a sequentially-descending order (Score: 0.15, Severity: High)",www.zh.ch,,,,,94.0,,,,2,,"Heading elements are not in a sequentially-descending order (Score: 0.15, Severity: High) (Score: N/A, Severity: Unknown)","4.1.2 Name, Role, Value"
"Links do not have a discernible name (Score: 0.71, Severity: Medium) (Score: N/A, Severity: Unknown)",https://which-hospital.ch/switzerland/,,"0.85, Severity: Low",,"Buttons do not have an accessible name (Score: 0.93, Severity: Low) (Score: N/A, Severity: Unknown)",,"ARIA attributes are not used correctly (Score: 0.82, Severity: Low) (Score: N/A, Severity: Unknown)",,0,,84,P4 - To Be Evaluated,"0.93, Severity: Low",P4 - To Be Evaluated,,1.3.1 Info and Relationships,,96.0,,,2.4.4 Link Purpose,P4 - To Be Evaluated,,83.0,"0.92, Severity: Low",76.0,Fail,P4 - To Be Evaluated,,"Background and foreground colors do not have a sufficient contrast ratio (Score: 0.92, Severity: Low) (Score: N/A, Severity: Unknown)","Page structure lacks proper landmark regions (Score: 0.85, Severity: Low) (Score: N/A, Severity: Unknown)",All Swiss hospitals an clinics included in the quality-comparison,,,"0.71, Severity: Medium","ARIA attributes are not used correctly (Score: 0.82, Severity: Low); Links do not have a discernible name (Score: 0.71, Severity: Medium); Buttons do not have an accessible name (Score: 0.93, Severity: Low); Background and foreground colors do not have a sufficient contrast ratio (Score: 0.92, Severity: Low); Page structure lacks proper landmark regions (Score: 0.85, Severity: Low)",which-hospital.ch,,,,,82.0,P4 - To Be Evaluated,,1.4.3 Contrast (Minimum),5,"4.1.2 Name, Role, Value",,"4.1.2 Name, Role, Value"
,https://www.rehaklinik-zihlschlacht.ch/en,1.1.1 Non-text Content,,,,2.1.1 Keyboard,,"0.11, Severity: High",3,"Interactive controls are not keyboard focusable (Score: 0.26, Severity: High) (Score: N/A, Severity: Unknown)",85,,,,P4 - To Be Evaluated,,"Image elements do not have `[alt]` attributes (Score: 0.11, Severity: High) (Score: N/A, Severity: Unknown)",93.0,,"0.26, Severity: High",,P4 - To Be Evaluated,2.4.6 Headings and Labels,85.0,"0.33, Severity: High",56.0,Fail,,,"Background and foreground colors do not have a sufficient contrast ratio (Score: 0.33, Severity: High) (Score: N/A, Severity: Unknown)",,Neurological Rehabilitation Clinic | Rehaklinik Zihlschlacht,,P4 - To Be Evaluated,,"Image elements do not have `[alt]` attributes (Score: 0.11, Severity: High); Interactive controls are not keyboard focusable (Score: 0.26, Severity: High); Heading elements are not in a sequentially-descending order (Score: 0.65, Severity: Medium); Background and foreground colors do not have a sufficient contrast ratio (Score: 0.33, Severity: High)",www.rehaklinik-zihlschlacht.ch,,,,,83.0,,P4 - To Be Evaluated,1.4.3 Contrast (Minimum),4,,"Heading elements are not in a sequentially-descending order (Score: 0.65, Severity: Medium) (Score: N/A, Severity: Unknown)",
"Links do not have a discernible name (Score: 0.25, Severity: High) (Score: N/A, Severity: Unknown)",https://merianiselin.ch/en,,,3.3.2 Labels or Instructions,,,,,1,,86,,,,,,,82.0,,,2.4.4 Link Purpose,,,100.0,,73.0,Fail,P4 - To Be Evaluated,,,,Merian Iselin Clinic,"0.87, Severity: Low",,"0.25, Severity: High","Links do not have a discernible name (Score: 0.25, Severity: High); Form elements do not have associated labels (Score: 0.87, Severity: Low)",merianiselin.ch,,"Form elements do not have associated labels (Score: 0.87, Severity: Low) (Score: N/A, Severity: Unknown)",P4 - To Be Evaluated,,84.0,,,,2,,,
"Links do not have a discernible name (Score: 0.69, Severity: Medium) (Score: N/A, Severity: Unknown)",https://www.bearingpoint.com/en-ch/industries/health-social-care/smart-healthcare/,1.1.1 Non-text Content,,,,,"ARIA attributes are not used correctly (Score: 0.77, Severity: Medium) (Score: N/A, Severity: Unknown)","0.7, Severity: Medium",1,,87,,,P4 - To Be Evaluated,P4 - To Be Evaluated,,"Image elements do not have `[alt]` attributes (Score: 0.7, Severity: Medium) (Score: N/A, Severity: Unknown)",100.0,,,2.4.4 Link Purpose,,2.4.6 Headings and Labels,92.0,,62.0,Pass,P4 - To Be Evaluated,,,,Smart healthcare | BearingPoint Switzerland,,P4 - To Be Evaluated,"0.69, Severity: Medium","Image elements do not have `[alt]` attributes (Score: 0.7, Severity: Medium); ARIA attributes are not used correctly (Score: 0.77, Severity: Medium); Links do not have a discernible name (Score: 0.69, Severity: Medium); Heading elements are not in a sequentially-descending order (Score: 0.21, Severity: High)",www.bearingpoint.com,,,,,97.0,,,,4,,"Heading elements are not in a sequentially-descending order (Score: 0.21, Severity: High) (Score: N/A, Severity: Unknown)","4.1.2 Name, Role, Value"
"Links do not have a discernible name (Score: 0.38, Severity: High) (Score: N/A, Severity: Unknown)",https://cliniclesalpes.com/conditions-treated/mental-health/,,,,,,,,1,,88,,,,,,,75.0,,,2.4.4 Link Purpose,,,100.0,,57.0,Pass,P4 - To Be Evaluated,,,,Inpatient Mental Health Treatment in Switzerland,,,"0.38, Severity: High","Links do not have a discernible name (Score: 0.38, Severity: High)",cliniclesalpes.com,,,,,91.0,,,,1,,,
,https://www.snf.ch/en/aE56Bt65EWgXhE4G/news/novel-approaches-to-health-care,1.1.1 Non-text Content,"0.35, Severity: High",3.3.2 Labels or Instructions,,,"ARIA attributes are not used correctly (Score: 0.24, Severity: High) (Score: N/A, Severity: Unknown)","0.48, Severity: High",5,,89,P4 - To Be Evaluated,,P4 - To Be Evaluated,P4 - To Be Evaluated,1.3.1 Info and Relationships,"Image elements do not have `[alt]` attributes (Score: 0.48, Severity: High) (Score: N/A, Severity: Unknown)",100.0,,,,,2.4.6 Headings and Labels,92.0,,71.0,Fail,,,,"Page structure lacks proper landmark regions (Score: 0.35, Severity: High) (Score: N/A, Severity: Unknown)",Novel approaches to health care,"0.34, Severity: High",P4 - To Be Evaluated,,"Image elements do not have `[alt]` attributes (Score: 0.48, Severity: High); ARIA attributes are not used correctly (Score: 0.24, Severity: High); Form elements do not have associated labels (Score: 0.34, Severity: High); Heading elements are not in a sequentially-descending order (Score: 0.43, Severity: High); Page structure lacks proper landmark regions (Score: 0.35, Severity: High)",www.snf.ch,,"Form elements do not have associated labels (Score: 0.34, Severity: High) (Score: N/A, Severity: Unknown)",P4 - To Be Evaluated,,86.0,,,,5,,"Heading elements are not in a sequentially-descending order (Score: 0.43, Severity: High) (Score: N/A, Severity: Unknown)","4.1.2 Name, Role, Value"
"Links do not have a discernible name (Score: 0.79, Severity: Medium) (Score: N/A, Severity: Unknown)",https://travelmedicine.swisstph.ch/en/,,,,"Buttons do not have an accessible name (Score: 0.17, Severity: High) (Score: N/A, Severity: Unknown)",,"ARIA attributes are not used correctly (Score: 0.99, Severity: Low) (Score: N/A, Severity: Unknown)",,1,,90,,"0.17, Severity: High",P4 - To Be Evaluated,P4 - To Be Evaluated,,,100.0,"0.71, Severity: Medium",,2.4.4 Link Purpose,,2.4.6 Headings and Labels,100.0,,57.0,Fail,P4 - To Be Evaluated,3.1.1 Language of Page,,,Centre for Tropical and Travel Medicine: Travel Healthy,,,"0.79, Severity: Medium","ARIA attributes are not used correctly (Score: 0.99, Severity: Low); Document language is not specified (Score: 0.71, Severity: Medium); Links do not have a discernible name (Score: 0.79, Severity: Medium); Heading elements are not in a sequentially-descending order (Score: 0.52, Severity: Medium); Buttons do not have an accessible name (Score: 0.17, Severity: High)",travelmedicine.swisstph.ch,"Document language is not specified (Score: 0.71, Severity: Medium) (Score: N/A, Severity: Unknown)",,,P4 - To Be Evaluated,83.0,P4 - To Be Evaluated,,,5,"4.1.2 Name, Role, Value","Heading elements are not in a sequentially-descending order (Score: 0.52, Severity: Medium) (Score: N/A, Severity: Unknown)","4.1.2 Name, Role, Value"
,http://www.dignitas.ch/index.php?option=com_content&view=article&id=20&lang=en,,"0.69, Severity: Medium",,,,,,1,,91,P4 - To Be Evaluated,,,,1.3.1 Info and Relationships,,,"0.26, Severity: High",,,,,,,,Fail,,3.1.1 Language of Page,,"Page structure lacks proper landmark regions (Score: 0.69, Severity: Medium) (Score: N/A, Severity: Unknown)",Accompanied Suicide,,,,"Document language is not specified (Score: 0.26, Severity: High); Page structure lacks proper landmark regions (Score: 0.69, Severity: Medium)",www.dignitas.ch,"Document language is not specified (Score: 0.26, Severity: High) (Score: N/A, Severity: Unknown)",,,P4 - To Be Evaluated,,,,,2,,,
,https://gardp.org/,,"0.72, Severity: Medium",,"Buttons do not have an accessible name (Score: 0.56, Severity: Medium) (Score: N/A, Severity: Unknown)",,,,0,,92,P4 - To Be Evaluated,"0.56, Severity: Medium",,,1.3.1 Info and Relationships,,96.0,,,,,,92.0,,61.0,Pass,,,,"Page structure lacks proper landmark regions (Score: 0.72, Severity: Medium) (Score: N/A, Severity: Unknown)",Global Antibiotic Research and Development Partnership: GARDP,,,,"Buttons do not have an accessible name (Score: 0.56, Severity: Medium); Page structure lacks proper landmark regions (Score: 0.72, Severity: Medium)",gardp.org,,,,,91.0,P4 - To Be Evaluated,,,2,"4.1.2 Name, Role, Value",,
,https://jliedu.ch/brunei-darussalam-healthcare-and-hospital-management-training-programs-an-incessant-necessity/,1.1.1 Non-text Content,,3.3.2 Labels or Instructions,,2.1.1 Keyboard,"ARIA attributes are not used correctly (Score: 0.27, Severity: High) (Score: N/A, Severity: Unknown)","0.35, Severity: High",4,"Interactive controls are not keyboard focusable (Score: 0.14, Severity: High) (Score: N/A, Severity: Unknown)",93,,,P4 - To Be Evaluated,,,"Image elements do not have `[alt]` attributes (Score: 0.35, Severity: High) (Score: N/A, Severity: Unknown)",79.0,"0.82, Severity: Low","0.14, Severity: High",,,,92.0,,55.0,Fail,,3.1.1 Language of Page,,,Brunei Darussalam- Healthcare and hospital management training ...,"0.38, Severity: High",P4 - To Be Evaluated,,"Image elements do not have `[alt]` attributes (Score: 0.35, Severity: High); ARIA attributes are not used correctly (Score: 0.27, Severity: High); Document language is not specified (Score: 0.82, Severity: Low); Interactive controls are not keyboard focusable (Score: 0.14, Severity: High); Form elements do not have associated labels (Score: 0.38, Severity: High)",jliedu.ch,"Document language is not specified (Score: 0.82, Severity: Low) (Score: N/A, Severity: Unknown)","Form elements do not have associated labels (Score: 0.38, Severity: High) (Score: N/A, Severity: Unknown)",P4 - To Be Evaluated,P4 - To Be Evaluated,86.0,,P4 - To Be Evaluated,,5,,,"4.1.2 Name, Role, Value"
,https://jliedu.ch/course-tag/healthcare-management/,1.1.1 Non-text Content,,,,2.1.1 Keyboard,,"0.52, Severity: Medium",2,"Interactive controls are not keyboard focusable (Score: 0.14, Severity: High) (Score: N/A, Severity: Unknown)",94,,,,P4 - To Be Evaluated,,"Image elements do not have `[alt]` attributes (Score: 0.52, Severity: Medium) (Score: N/A, Severity: Unknown)",79.0,,"0.14, Severity: High",,,2.4.6 Headings and Labels,83.0,,55.0,Pass,,,,,Healthcare Management â€“ James Lind Institute | Public Health ...,,P4 - To Be Evaluated,,"Image elements do not have `[alt]` attributes (Score: 0.52, Severity: Medium); Interactive controls are not keyboard focusable (Score: 0.14, Severity: High); Heading elements are not in a sequentially-descending order (Score: 0.26, Severity: High)",jliedu.ch,,,,,94.0,,P4 - To Be Evaluated,,3,,"Heading elements are not in a sequentially-descending order (Score: 0.26, Severity: High) (Score: N/A, Severity: Unknown)",
,http://www.shcs.ch/180-health-care-providers,,,,,,"ARIA attributes are not used correctly (Score: 0.93, Severity: Low) (Score: N/A, Severity: Unknown)",,0,,95,,,P4 - To Be Evaluated,,,,72.0,,,,,,100.0,,97.0,Fail,,,,,Health care providers - Swiss HIV Cohort Study,,,,"ARIA attributes are not used correctly (Score: 0.93, Severity: Low)",www.shcs.ch,,,,,86.0,,,,1,,,"4.1.2 Name, Role, Value"
,https://swisshrmed.ch/en/mediation/,,"0.71, Severity: Medium",,"Buttons do not have an accessible name (Score: 0.34, Severity: High) (Score: N/A, Severity: Unknown)",,"ARIA attributes are not used correctly (Score: 0.73, Severity: Medium) (Score: N/A, Severity: Unknown)",,2,,96,P4 - To Be Evaluated,"0.34, Severity: High",P4 - To Be Evaluated,P4 - To Be Evaluated,1.3.1 Info and Relationships,,89.0,,,,P4 - To Be Evaluated,2.4.6 Headings and Labels,85.0,"0.33, Severity: High",91.0,Fail,,,"Background and foreground colors do not have a sufficient contrast ratio (Score: 0.33, Severity: High) (Score: N/A, Severity: Unknown)","Page structure lacks proper landmark regions (Score: 0.71, Severity: Medium) (Score: N/A, Severity: Unknown)",Mediation - Swiss HRmed AG,,,,"ARIA attributes are not used correctly (Score: 0.73, Severity: Medium); Heading elements are not in a sequentially-descending order (Score: 0.84, Severity: Low); Buttons do not have an accessible name (Score: 0.34, Severity: High); Background and foreground colors do not have a sufficient contrast ratio (Score: 0.33, Severity: High); Page structure lacks proper landmark regions (Score: 0.71, Severity: Medium)",swisshrmed.ch,,,,,85.0,P4 - To Be Evaluated,,1.4.3 Contrast (Minimum),5,"4.1.2 Name, Role, Value","Heading elements are not in a sequentially-descending order (Score: 0.84, Severity: Low) (Score: N/A, Severity: Unknown)","4.1.2 Name, Role, Value"
,https://lauterbrunnen.swiss/en/service/guest-information/medical-services.html,1.1.1 Non-text Content,,,,2.1.1 Keyboard,,"0.14, Severity: High",1,"Interactive controls are not keyboard focusable (Score: 0.63, Severity: Medium) (Score: N/A, Severity: Unknown)",97,,,,P4 - To Be Evaluated,,"Image elements do not have `[alt]` attributes (Score: 0.14, Severity: High) (Score: N/A, Severity: Unknown)",96.0,,"0.63, Severity: Medium",,,2.4.6 Headings and Labels,92.0,,59.0,Fail,,,,,Medical problem? - Lauterbrunnen Tourism,,P4 - To Be Evaluated,,"Image elements do not have `[alt]` attributes (Score: 0.14, Severity: High); Interactive controls are not keyboard focusable (Score: 0.63, Severity: Medium); Heading elements are not in a sequentially-descending order (Score: 0.86, Severity: Low)",lauterbrunnen.swiss,,,,,78.0,,P4 - To Be Evaluated,,3,,"Heading elements are not in a sequentially-descending order (Score: 0.86, Severity: Low) (Score: N/A, Severity: Unknown)",
"Links do not have a discernible name (Score: 0.58, Severity: Medium) (Score: N/A, Severity: Unknown)",https://www.bs.ch/en/schwerpunkte/portrait/vivre-bale/health-and-insurance,,"0.76, Severity: Medium",,,,,,1,,98,P4 - To Be Evaluated,,,P4 - To Be Evaluated,1.3.1 Info and Relationships,,100.0,,,2.4.4 Link Purpose,P4 - To Be Evaluated,2.4.6 Headings and Labels,92.0,"0.17, Severity: High",69.0,Pass,P4 - To Be Evaluated,,"Background and foreground colors do not have a sufficient contrast ratio (Score: 0.17, Severity: High) (Score: N/A, Severity: Unknown)","Page structure lacks proper landmark regions (Score: 0.76, Severity: Medium) (Score: N/A, Severity: Unknown)",Health and insurance | Kanton Basel-Stadt,,,"0.58, Severity: Medium","Links do not have a discernible name (Score: 0.58, Severity: Medium); Heading elements are not in a sequentially-descending order (Score: 0.65, Severity: Medium); Background and foreground colors do not have a sufficient contrast ratio (Score: 0.17, Severity: High); Page structure lacks proper landmark regions (Score: 0.76, Severity: Medium)",www.bs.ch,,,,,91.0,,,1.4.3 Contrast (Minimum),4,,"Heading elements are not in a sequentially-descending order (Score: 0.65, Severity: Medium) (Score: N/A, Severity: Unknown)",
"Links do not have a discernible name (Score: 0.84, Severity: Low) (Score: N/A, Severity: Unknown)",https://www.graduateinstitute.ch/discover-institute/robert-dean-smith,,,,,,,,0,,99,,,,,,,5699999999999990.0,,,2.4.4 Link Purpose,,,85.0,,58.0,Pass,P4 - To Be Evaluated,,,,Robert Dean SMITH | IHEID,,,"0.84, Severity: Low","Links do not have a discernible name (Score: 0.84, Severity: Low)",www.graduateinstitute.ch,,,,,91.0,,,,1,,,
"Links do not have a discernible name (Score: 0.55, Severity: Medium) (Score: N/A, Severity: Unknown)",https://www.pwc.ch/en/industry-sectors/healthservices.html,1.1.1 Non-text Content,,3.3.2 Labels or Instructions,,2.1.1 Keyboard,,"0.57, Severity: Medium",2,"Interactive controls are not keyboard focusable (Score: 0.42, Severity: High) (Score: N/A, Severity: Unknown)",100,,,,P4 - To Be Evaluated,,"Image elements do not have `[alt]` attributes (Score: 0.57, Severity: Medium) (Score: N/A, Severity: Unknown)",89.0,,"0.42, Severity: High",2.4.4 Link Purpose,,2.4.6 Headings and Labels,92.0,,56.0,Fail,P4 - To Be Evaluated,,,,Health Services | PwC Switzerland,"0.16, Severity: High",P4 - To Be Evaluated,"0.55, Severity: Medium","Image elements do not have `[alt]` attributes (Score: 0.57, Severity: Medium); Links do not have a discernible name (Score: 0.55, Severity: Medium); Interactive controls are not keyboard focusable (Score: 0.42, Severity: High); Form elements do not have associated labels (Score: 0.16, Severity: High); Heading elements are not in a sequentially-descending order (Score: 0.82, Severity: Low)",www.pwc.ch,,"Form elements do not have associated labels (Score: 0.16, Severity: High) (Score: N/A, Severity: Unknown)",P4 - To Be Evaluated,,71.0,,P4 - To Be Evaluated,,5,,"Heading elements are not in a sequentially-descending order (Score: 0.82, Severity: Low) (Score: N/A, Severity: Unknown)",
